Organization,Raw Grade Code,Normalized Grade Family,Normalized Seniority Tier,International / National / Local,Staff / Consultant / Contractor / Other,Approximate UN Equivalent,Approximate Experience Range,Typical Role Scope,Supervisory Expectations,Notes / Caveats,Confidence Level,Evidence Type
Asian Development Bank,AS1,AS,T1_ENTRY_SUPPORT,Local,Staff,G1 - G2,0-3 years,Administrative support,None,ADB admin ladder mapped to GS support,MED,refined mapping
Asian Development Bank,AS2,AS,T1_ENTRY_SUPPORT,Local,Staff,G2 - G3,2-4 years,Senior assistant,None,ADB admin ladder mapped to GS support,MED,refined mapping
Asian Development Bank,AS3,AS,T1_ENTRY_SUPPORT,Local,Staff,G3 - G4,3-5 years,Program/Team assistant,Limited coordination,ADB admin ladder mapped to GS support,HIGH,refined mapping
Asian Development Bank,AS4,AS,T2_JUNIOR_PROFESSIONAL,Local,Staff,G4 - G5,4-6 years,Senior assistant/associate support,May coordinate tasks,HIGH,refined mapping,
Asian Development Bank,AS5,AS,T2_JUNIOR_PROFESSIONAL,Local,Staff,G5,5-7 years,Senior administrative associate,May supervise junior support,HIGH,refined mapping,
Asian Development Bank,AS6,AS,T2_JUNIOR_PROFESSIONAL,Local,Staff,G6,6-8 years,Senior associate / analyst support,May supervise support staff,HIGH,refined mapping,
Asian Development Bank,AS7,AS,T2_T3,Local,Staff,G6 - G7,7-10 years,Lead associate / quasi-analyst support,May supervise small team,HIGH,refined mapping,
Asian Development Bank,NS1,NS,T2_JUNIOR_PROFESSIONAL,National,Staff,NO-A - NO-B,2-5 years,Associate officer,None,HIGH,refined mapping,
Asian Development Bank,NS2,NS,T2_T3,National,Staff,NO-B,4-6 years,Junior officer,May coordinate partners,HIGH,refined mapping,
Asian Development Bank,NS3,NS,T3_MID_PROFESSIONAL,National,Staff,NO-C,5-8 years,Officer / specialist,May supervise junior staff,HIGH,refined mapping,
Asian Development Bank,NS4,NS,T3_MID_PROFESSIONAL,National,Staff,NO-C - NO-D,7-10 years,Senior officer / specialist,May supervise team,MED,refined mapping,
Asian Development Bank,NS5,NS,T3_T4,National,Staff,NO-C - NO-D,8-12 years,Lead national specialist,Supervisory likely,MED,refined mapping,
Asian Development Bank,NS6,NS,T4_SENIOR_PROFESSIONAL,National,Staff,NO-D / P3,10-15 years,Principal national specialist,Supervisory,LOW,dual mapping (NO/P overlap),
Asian Development Bank,NS7,NS,T4_SENIOR_PROFESSIONAL,National,Staff,P4,12-18 years,Senior principal national specialist / advisor,Supervisory,LOW,dual mapping (NO/P overlap),
Asian Development Bank,IS1,IS,T1_ENTRY_SUPPORT,International,Staff,P1,0-2 years,Junior international professional,None,HIGH,refined mapping,
Asian Development Bank,IS2,IS,T2_JUNIOR_PROFESSIONAL,International,Staff,P2,2-5 years,Analyst / junior specialist,None,HIGH,refined mapping,
Asian Development Bank,IS3,IS,T3_MID_PROFESSIONAL,International,Staff,P3,5-8 years,Professional / specialist,May supervise juniors,HIGH,refined mapping,
Asian Development Bank,IS4,IS,T3_MID_PROFESSIONAL,International,Staff,P3,6-9 years,Experienced specialist,May supervise,HIGH,refined mapping,
Asian Development Bank,IS5,IS,T4_SENIOR_PROFESSIONAL,International,Staff,P4,8-12 years,Senior specialist / lead,Supervisory,HIGH,refined mapping,
Asian Development Bank,IS6,IS,T4_SENIOR_PROFESSIONAL,International,Staff,P4 - P5,10-15 years,Principal specialist,Supervisory,MED,refined mapping,
Asian Development Bank,IS7,IS,T4_T5,International,Staff,D1,12-18 years,Lead specialist / division-level advisor,Senior supervisory,HIGH,refined mapping,
Asian Development Bank,IS8,IS,T4_T5,International,Staff,D1,14-20 years,Senior lead advisor / manager,Senior supervisory,HIGH,refined mapping,
Asian Development Bank,IS9,IS,T5_PRINCIPAL_MANAGER,International,Staff,D2,15-20+ years,Director / senior manager,Institutional management,HIGH,refined mapping,
Asian Development Bank,IS10,IS,T5_EXECUTIVE,International,Staff,ASG - USG,20+ years,Executive leadership,Top-level management,MED,refined mapping,
United Nations Careers / UN Secretariat,P-1,UN International Professional,T1_ENTRY_SUPPORT,International,Staff,P-1,0-2 years,Entry professional analysis under close supervision,Normally none,UN Common System or common-system-aligned grade code; actual categories used vary by agency and vacancy.,HIGH,official common-system / same-code mapping
United Nations Careers / UN Secretariat,P-2,UN International Professional,T2_JUNIOR_PROFESSIONAL,International,Staff,P-2,2-4 years,Junior professional/officer; defined portfolio,Normally none; may coordinate vendors/consultants,UN Common System or common-system-aligned grade code; actual categories used vary by agency and vacancy.,HIGH,official common-system / same-code mapping
United Nations Careers / UN Secretariat,P-3,UN International Professional,T3_MID_PROFESSIONAL,International,Staff,P-3,5-7 years,Independent professional ownership of workstream or project,May supervise junior staff/consultants,UN Common System or common-system-aligned grade code; actual categories used vary by agency and vacancy.,HIGH,official common-system / same-code mapping
United Nations Careers / UN Secretariat,P-4,UN International Professional,T4_SENIOR_PROFESSIONAL,International,Staff,P-4,7-10 years,"Senior specialist; complex programme, policy or technical leadership",Often supervises staff/consultants,UN Common System or common-system-aligned grade code; actual categories used vary by agency and vacancy.,HIGH,official common-system / same-code mapping
United Nations Careers / UN Secretariat,P-5,UN International Professional,T5_PRINCIPAL_MANAGER,International,Staff,P-5,10-15 years,Chief/principal specialist/section head,Frequently supervises teams and budgets,UN Common System or common-system-aligned grade code; actual categories used vary by agency and vacancy.,HIGH,official common-system / same-code mapping
United Nations Careers / UN Secretariat,D-1,UN Director,T6_DIRECTOR,International,Staff,D-1,15+ years,Director of division/large programme,Senior management responsibility,UN Common System or common-system-aligned grade code; actual categories used vary by agency and vacancy.,HIGH,official common-system / same-code mapping
United Nations Careers / UN Secretariat,D-2,UN Director,T6_DIRECTOR,International,Staff,D-2,15-20+ years,Senior director / head of major office,Institutional management responsibility,UN Common System or common-system-aligned grade code; actual categories used vary by agency and vacancy.,HIGH,official common-system / same-code mapping
United Nations Careers / UN Secretariat,NO-A,UN National Professional,T1_ENTRY_SUPPORT,National / Local,Staff,~P-1/P-2,0-2 years,Entry national professional requiring local/national expertise,Normally none,"UN Common System or common-system-aligned grade code; actual categories used vary by agency and vacancy. National officer mappings are functional, not mobility/salary equivalent.",HIGH,official common-system / inferred P-equivalence
United Nations Careers / UN Secretariat,NO-B,UN National Professional,T2_JUNIOR_PROFESSIONAL,National / Local,Staff,~P-2,2-4 years,National officer / junior professional,May coordinate local partners,"UN Common System or common-system-aligned grade code; actual categories used vary by agency and vacancy. National officer mappings are functional, not mobility/salary equivalent.",HIGH,official common-system / inferred P-equivalence
United Nations Careers / UN Secretariat,NO-C,UN National Professional,T3_MID_PROFESSIONAL,National / Local,Staff,~P-3,5-7 years,Experienced national professional managing workstreams,May supervise assistants/consultants,"UN Common System or common-system-aligned grade code; actual categories used vary by agency and vacancy. National officer mappings are functional, not mobility/salary equivalent.",HIGH,official common-system / inferred P-equivalence
United Nations Careers / UN Secretariat,NO-D,UN National Professional,T4_SENIOR_PROFESSIONAL,National / Local,Staff,~P-4,7-10+ years,Senior national officer / technical lead,Often supervises staff/partners,"UN Common System or common-system-aligned grade code; actual categories used vary by agency and vacancy. National officer mappings are functional, not mobility/salary equivalent.",HIGH,official common-system / inferred P-equivalence
United Nations Careers / UN Secretariat,G-1,UN General Service,T1_ENTRY_SUPPORT,Local,Staff,G-1,0+ years,Routine support,None,UN Common System or common-system-aligned grade code; actual categories used vary by agency and vacancy. General Service is support/local; do not map directly to P grades.,HIGH,official common-system / same-category mapping
United Nations Careers / UN Secretariat,G-2,UN General Service,T1_ENTRY_SUPPORT,Local,Staff,G-2,2+ years,Basic clerical/operational support,None,UN Common System or common-system-aligned grade code; actual categories used vary by agency and vacancy. General Service is support/local; do not map directly to P grades.,HIGH,official common-system / same-category mapping
United Nations Careers / UN Secretariat,G-3,UN General Service,T1_ENTRY_SUPPORT,Local,Staff,G-3,3+ years,Administrative/operational support,None,UN Common System or common-system-aligned grade code; actual categories used vary by agency and vacancy. General Service is support/local; do not map directly to P grades.,HIGH,official common-system / same-category mapping
United Nations Careers / UN Secretariat,G-4,UN General Service,T2_JUNIOR_PROFESSIONAL,Local,Staff,G-4,4+ years,Experienced assistant / specialized support,Usually none,UN Common System or common-system-aligned grade code; actual categories used vary by agency and vacancy. General Service is support/local; do not map directly to P grades.,HIGH,official common-system / same-category mapping
United Nations Careers / UN Secretariat,G-5,UN General Service,T2_JUNIOR_PROFESSIONAL,Local,Staff,G-5,5+ years,Senior assistant / para-professional support,May coordinate support tasks,UN Common System or common-system-aligned grade code; actual categories used vary by agency and vacancy. General Service is support/local; do not map directly to P grades.,HIGH,official common-system / same-category mapping
United Nations Careers / UN Secretariat,G-6,UN General Service,T3_MID_PROFESSIONAL,Local,Staff,G-6,6+ years,Senior associate / complex support,May supervise support staff,UN Common System or common-system-aligned grade code; actual categories used vary by agency and vacancy. General Service is support/local; do not map directly to P grades.,HIGH,official common-system / same-category mapping
United Nations Careers / UN Secretariat,G-7,UN General Service,T3_MID_PROFESSIONAL,Local,Staff,G-7,7+ years,Highest local GS specialist/support lead,Often supervises support functions,UN Common System or common-system-aligned grade code; actual categories used vary by agency and vacancy. General Service is support/local; do not map directly to P grades.,HIGH,official common-system / same-category mapping
United Nations Careers / UN Secretariat,FS-1,UN Field Service,T1_ENTRY_SUPPORT,International / Field,Staff,FS-1,varies,Field service support,None/limited,Field Service is internationally recruited field support; not a Professional-grade substitute.,HIGH,official common-system
United Nations Careers / UN Secretariat,FS-2,UN Field Service,T1_ENTRY_SUPPORT,International / Field,Staff,FS-2,varies,Field service support,None/limited,Field Service is internationally recruited field support; not a Professional-grade substitute.,HIGH,official common-system
United Nations Careers / UN Secretariat,FS-3,UN Field Service,T2_JUNIOR_PROFESSIONAL,International / Field,Staff,FS-3,varies,Field technical/administrative support,Limited,Field Service is internationally recruited field support; not a Professional-grade substitute.,HIGH,official common-system
United Nations Careers / UN Secretariat,FS-4,UN Field Service,T3_MID_PROFESSIONAL,International / Field,Staff,FS-4,varies,Experienced field technical/specialized support,May supervise,Field Service is internationally recruited field support; not a Professional-grade substitute.,HIGH,official common-system
United Nations Careers / UN Secretariat,FS-5,UN Field Service,T3_MID_PROFESSIONAL,International / Field,Staff,FS-5,varies,Senior field support/specialist,Often supervises,Field Service is internationally recruited field support; not a Professional-grade substitute.,HIGH,official common-system
United Nations Careers / UN Secretariat,FS-6,UN Field Service,T4_SENIOR_PROFESSIONAL,International / Field,Staff,FS-6,varies,Senior field specialist/team leader,Supervisory,Field Service is internationally recruited field support; not a Professional-grade substitute.,HIGH,official common-system
United Nations Careers / UN Secretariat,FS-7,UN Field Service,T4_SENIOR_PROFESSIONAL,International / Field,Staff,FS-7,varies,Highest field service specialist/managerial support,Supervisory,Field Service is internationally recruited field support; not a Professional-grade substitute.,HIGH,official common-system
UNICEF,P-1,UN International Professional,T1_ENTRY_SUPPORT,International,Staff,P-1,0-2 years,Entry professional analysis under close supervision,Normally none,UN Common System or common-system-aligned grade code; actual categories used vary by agency and vacancy.,HIGH,official common-system / same-code mapping
UNICEF,P-2,UN International Professional,T2_JUNIOR_PROFESSIONAL,International,Staff,P-2,2-4 years,Junior professional/officer; defined portfolio,Normally none; may coordinate vendors/consultants,UN Common System or common-system-aligned grade code; actual categories used vary by agency and vacancy.,HIGH,official common-system / same-code mapping
UNICEF,P-3,UN International Professional,T3_MID_PROFESSIONAL,International,Staff,P-3,5-7 years,Independent professional ownership of workstream or project,May supervise junior staff/consultants,UN Common System or common-system-aligned grade code; actual categories used vary by agency and vacancy.,HIGH,official common-system / same-code mapping
UNICEF,P-4,UN International Professional,T4_SENIOR_PROFESSIONAL,International,Staff,P-4,7-10 years,"Senior specialist; complex programme, policy or technical leadership",Often supervises staff/consultants,UN Common System or common-system-aligned grade code; actual categories used vary by agency and vacancy.,HIGH,official common-system / same-code mapping
UNICEF,P-5,UN International Professional,T5_PRINCIPAL_MANAGER,International,Staff,P-5,10-15 years,Chief/principal specialist/section head,Frequently supervises teams and budgets,UN Common System or common-system-aligned grade code; actual categories used vary by agency and vacancy.,HIGH,official common-system / same-code mapping
UNICEF,D-1,UN Director,T6_DIRECTOR,International,Staff,D-1,15+ years,Director of division/large programme,Senior management responsibility,UN Common System or common-system-aligned grade code; actual categories used vary by agency and vacancy.,HIGH,official common-system / same-code mapping
UNICEF,D-2,UN Director,T6_DIRECTOR,International,Staff,D-2,15-20+ years,Senior director / head of major office,Institutional management responsibility,UN Common System or common-system-aligned grade code; actual categories used vary by agency and vacancy.,HIGH,official common-system / same-code mapping
UNICEF,NO-A,UN National Professional,T1_ENTRY_SUPPORT,National / Local,Staff,~P-1/P-2,0-2 years,Entry national professional requiring local/national expertise,Normally none,"UN Common System or common-system-aligned grade code; actual categories used vary by agency and vacancy. National officer mappings are functional, not mobility/salary equivalent.",HIGH,official common-system / inferred P-equivalence
UNICEF,NO-B,UN National Professional,T2_JUNIOR_PROFESSIONAL,National / Local,Staff,~P-2,2-4 years,National officer / junior professional,May coordinate local partners,"UN Common System or common-system-aligned grade code; actual categories used vary by agency and vacancy. National officer mappings are functional, not mobility/salary equivalent.",HIGH,official common-system / inferred P-equivalence
UNICEF,NO-C,UN National Professional,T3_MID_PROFESSIONAL,National / Local,Staff,~P-3,5-7 years,Experienced national professional managing workstreams,May supervise assistants/consultants,"UN Common System or common-system-aligned grade code; actual categories used vary by agency and vacancy. National officer mappings are functional, not mobility/salary equivalent.",HIGH,official common-system / inferred P-equivalence
UNICEF,NO-D,UN National Professional,T4_SENIOR_PROFESSIONAL,National / Local,Staff,~P-4,7-10+ years,Senior national officer / technical lead,Often supervises staff/partners,"UN Common System or common-system-aligned grade code; actual categories used vary by agency and vacancy. National officer mappings are functional, not mobility/salary equivalent.",HIGH,official common-system / inferred P-equivalence
UNICEF,G-1,UN General Service,T1_ENTRY_SUPPORT,Local,Staff,G-1,0+ years,Routine support,None,UN Common System or common-system-aligned grade code; actual categories used vary by agency and vacancy. General Service is support/local; do not map directly to P grades.,HIGH,official common-system / same-category mapping
UNICEF,G-2,UN General Service,T1_ENTRY_SUPPORT,Local,Staff,G-2,2+ years,Basic clerical/operational support,None,UN Common System or common-system-aligned grade code; actual categories used vary by agency and vacancy. General Service is support/local; do not map directly to P grades.,HIGH,official common-system / same-category mapping
UNICEF,G-3,UN General Service,T1_ENTRY_SUPPORT,Local,Staff,G-3,3+ years,Administrative/operational support,None,UN Common System or common-system-aligned grade code; actual categories used vary by agency and vacancy. General Service is support/local; do not map directly to P grades.,HIGH,official common-system / same-category mapping
UNICEF,G-4,UN General Service,T2_JUNIOR_PROFESSIONAL,Local,Staff,G-4,4+ years,Experienced assistant / specialized support,Usually none,UN Common System or common-system-aligned grade code; actual categories used vary by agency and vacancy. General Service is support/local; do not map directly to P grades.,HIGH,official common-system / same-category mapping
UNICEF,G-5,UN General Service,T2_JUNIOR_PROFESSIONAL,Local,Staff,G-5,5+ years,Senior assistant / para-professional support,May coordinate support tasks,UN Common System or common-system-aligned grade code; actual categories used vary by agency and vacancy. General Service is support/local; do not map directly to P grades.,HIGH,official common-system / same-category mapping
UNICEF,G-6,UN General Service,T3_MID_PROFESSIONAL,Local,Staff,G-6,6+ years,Senior associate / complex support,May supervise support staff,UN Common System or common-system-aligned grade code; actual categories used vary by agency and vacancy. General Service is support/local; do not map directly to P grades.,HIGH,official common-system / same-category mapping
UNICEF,G-7,UN General Service,T3_MID_PROFESSIONAL,Local,Staff,G-7,7+ years,Highest local GS specialist/support lead,Often supervises support functions,UN Common System or common-system-aligned grade code; actual categories used vary by agency and vacancy. General Service is support/local; do not map directly to P grades.,HIGH,official common-system / same-category mapping
UNHCR,P-1,UN International Professional,T1_ENTRY_SUPPORT,International,Staff,P-1,0-2 years,Entry professional analysis under close supervision,Normally none,UN Common System or common-system-aligned grade code; actual categories used vary by agency and vacancy.,HIGH,official common-system / same-code mapping
UNHCR,P-2,UN International Professional,T2_JUNIOR_PROFESSIONAL,International,Staff,P-2,2-4 years,Junior professional/officer; defined portfolio,Normally none; may coordinate vendors/consultants,UN Common System or common-system-aligned grade code; actual categories used vary by agency and vacancy.,HIGH,official common-system / same-code mapping
UNHCR,P-3,UN International Professional,T3_MID_PROFESSIONAL,International,Staff,P-3,5-7 years,Independent professional ownership of workstream or project,May supervise junior staff/consultants,UN Common System or common-system-aligned grade code; actual categories used vary by agency and vacancy.,HIGH,official common-system / same-code mapping
UNHCR,P-4,UN International Professional,T4_SENIOR_PROFESSIONAL,International,Staff,P-4,7-10 years,"Senior specialist; complex programme, policy or technical leadership",Often supervises staff/consultants,UN Common System or common-system-aligned grade code; actual categories used vary by agency and vacancy.,HIGH,official common-system / same-code mapping
UNHCR,P-5,UN International Professional,T5_PRINCIPAL_MANAGER,International,Staff,P-5,10-15 years,Chief/principal specialist/section head,Frequently supervises teams and budgets,UN Common System or common-system-aligned grade code; actual categories used vary by agency and vacancy.,HIGH,official common-system / same-code mapping
UNHCR,D-1,UN Director,T6_DIRECTOR,International,Staff,D-1,15+ years,Director of division/large programme,Senior management responsibility,UN Common System or common-system-aligned grade code; actual categories used vary by agency and vacancy.,HIGH,official common-system / same-code mapping
UNHCR,D-2,UN Director,T6_DIRECTOR,International,Staff,D-2,15-20+ years,Senior director / head of major office,Institutional management responsibility,UN Common System or common-system-aligned grade code; actual categories used vary by agency and vacancy.,HIGH,official common-system / same-code mapping
UNHCR,NO-A,UN National Professional,T1_ENTRY_SUPPORT,National / Local,Staff,~P-1/P-2,0-2 years,Entry national professional requiring local/national expertise,Normally none,"UN Common System or common-system-aligned grade code; actual categories used vary by agency and vacancy. National officer mappings are functional, not mobility/salary equivalent.",HIGH,official common-system / inferred P-equivalence
UNHCR,NO-B,UN National Professional,T2_JUNIOR_PROFESSIONAL,National / Local,Staff,~P-2,2-4 years,National officer / junior professional,May coordinate local partners,"UN Common System or common-system-aligned grade code; actual categories used vary by agency and vacancy. National officer mappings are functional, not mobility/salary equivalent.",HIGH,official common-system / inferred P-equivalence
UNHCR,NO-C,UN National Professional,T3_MID_PROFESSIONAL,National / Local,Staff,~P-3,5-7 years,Experienced national professional managing workstreams,May supervise assistants/consultants,"UN Common System or common-system-aligned grade code; actual categories used vary by agency and vacancy. National officer mappings are functional, not mobility/salary equivalent.",HIGH,official common-system / inferred P-equivalence
UNHCR,NO-D,UN National Professional,T4_SENIOR_PROFESSIONAL,National / Local,Staff,~P-4,7-10+ years,Senior national officer / technical lead,Often supervises staff/partners,"UN Common System or common-system-aligned grade code; actual categories used vary by agency and vacancy. National officer mappings are functional, not mobility/salary equivalent.",HIGH,official common-system / inferred P-equivalence
UNHCR,G-1,UN General Service,T1_ENTRY_SUPPORT,Local,Staff,G-1,0+ years,Routine support,None,UN Common System or common-system-aligned grade code; actual categories used vary by agency and vacancy. General Service is support/local; do not map directly to P grades.,HIGH,official common-system / same-category mapping
UNHCR,G-2,UN General Service,T1_ENTRY_SUPPORT,Local,Staff,G-2,2+ years,Basic clerical/operational support,None,UN Common System or common-system-aligned grade code; actual categories used vary by agency and vacancy. General Service is support/local; do not map directly to P grades.,HIGH,official common-system / same-category mapping
UNHCR,G-3,UN General Service,T1_ENTRY_SUPPORT,Local,Staff,G-3,3+ years,Administrative/operational support,None,UN Common System or common-system-aligned grade code; actual categories used vary by agency and vacancy. General Service is support/local; do not map directly to P grades.,HIGH,official common-system / same-category mapping
UNHCR,G-4,UN General Service,T2_JUNIOR_PROFESSIONAL,Local,Staff,G-4,4+ years,Experienced assistant / specialized support,Usually none,UN Common System or common-system-aligned grade code; actual categories used vary by agency and vacancy. General Service is support/local; do not map directly to P grades.,HIGH,official common-system / same-category mapping
UNHCR,G-5,UN General Service,T2_JUNIOR_PROFESSIONAL,Local,Staff,G-5,5+ years,Senior assistant / para-professional support,May coordinate support tasks,UN Common System or common-system-aligned grade code; actual categories used vary by agency and vacancy. General Service is support/local; do not map directly to P grades.,HIGH,official common-system / same-category mapping
UNHCR,G-6,UN General Service,T3_MID_PROFESSIONAL,Local,Staff,G-6,6+ years,Senior associate / complex support,May supervise support staff,UN Common System or common-system-aligned grade code; actual categories used vary by agency and vacancy. General Service is support/local; do not map directly to P grades.,HIGH,official common-system / same-category mapping
UNHCR,G-7,UN General Service,T3_MID_PROFESSIONAL,Local,Staff,G-7,7+ years,Highest local GS specialist/support lead,Often supervises support functions,UN Common System or common-system-aligned grade code; actual categories used vary by agency and vacancy. General Service is support/local; do not map directly to P grades.,HIGH,official common-system / same-category mapping
UNHCR,FS-1,UN Field Service,T1_ENTRY_SUPPORT,International / Field,Staff,FS-1,varies,Field service support,None/limited,Field Service is internationally recruited field support; not a Professional-grade substitute.,HIGH,official common-system
UNHCR,FS-2,UN Field Service,T1_ENTRY_SUPPORT,International / Field,Staff,FS-2,varies,Field service support,None/limited,Field Service is internationally recruited field support; not a Professional-grade substitute.,HIGH,official common-system
UNHCR,FS-3,UN Field Service,T2_JUNIOR_PROFESSIONAL,International / Field,Staff,FS-3,varies,Field technical/administrative support,Limited,Field Service is internationally recruited field support; not a Professional-grade substitute.,HIGH,official common-system
UNHCR,FS-4,UN Field Service,T3_MID_PROFESSIONAL,International / Field,Staff,FS-4,varies,Experienced field technical/specialized support,May supervise,Field Service is internationally recruited field support; not a Professional-grade substitute.,HIGH,official common-system
UNHCR,FS-5,UN Field Service,T3_MID_PROFESSIONAL,International / Field,Staff,FS-5,varies,Senior field support/specialist,Often supervises,Field Service is internationally recruited field support; not a Professional-grade substitute.,HIGH,official common-system
UNHCR,FS-6,UN Field Service,T4_SENIOR_PROFESSIONAL,International / Field,Staff,FS-6,varies,Senior field specialist/team leader,Supervisory,Field Service is internationally recruited field support; not a Professional-grade substitute.,HIGH,official common-system
UNHCR,FS-7,UN Field Service,T4_SENIOR_PROFESSIONAL,International / Field,Staff,FS-7,varies,Highest field service specialist/managerial support,Supervisory,Field Service is internationally recruited field support; not a Professional-grade substitute.,HIGH,official common-system
World Food Programme,P-1,UN International Professional,T1_ENTRY_SUPPORT,International,Staff,P-1,0-2 years,Entry professional analysis under close supervision,Normally none,UN Common System or common-system-aligned grade code; actual categories used vary by agency and vacancy.,HIGH,official common-system / same-code mapping
World Food Programme,P-2,UN International Professional,T2_JUNIOR_PROFESSIONAL,International,Staff,P-2,2-4 years,Junior professional/officer; defined portfolio,Normally none; may coordinate vendors/consultants,UN Common System or common-system-aligned grade code; actual categories used vary by agency and vacancy.,HIGH,official common-system / same-code mapping
World Food Programme,P-3,UN International Professional,T3_MID_PROFESSIONAL,International,Staff,P-3,5-7 years,Independent professional ownership of workstream or project,May supervise junior staff/consultants,UN Common System or common-system-aligned grade code; actual categories used vary by agency and vacancy.,HIGH,official common-system / same-code mapping
World Food Programme,P-4,UN International Professional,T4_SENIOR_PROFESSIONAL,International,Staff,P-4,7-10 years,"Senior specialist; complex programme, policy or technical leadership",Often supervises staff/consultants,UN Common System or common-system-aligned grade code; actual categories used vary by agency and vacancy.,HIGH,official common-system / same-code mapping
World Food Programme,P-5,UN International Professional,T5_PRINCIPAL_MANAGER,International,Staff,P-5,10-15 years,Chief/principal specialist/section head,Frequently supervises teams and budgets,UN Common System or common-system-aligned grade code; actual categories used vary by agency and vacancy.,HIGH,official common-system / same-code mapping
World Food Programme,D-1,UN Director,T6_DIRECTOR,International,Staff,D-1,15+ years,Director of division/large programme,Senior management responsibility,UN Common System or common-system-aligned grade code; actual categories used vary by agency and vacancy.,HIGH,official common-system / same-code mapping
World Food Programme,D-2,UN Director,T6_DIRECTOR,International,Staff,D-2,15-20+ years,Senior director / head of major office,Institutional management responsibility,UN Common System or common-system-aligned grade code; actual categories used vary by agency and vacancy.,HIGH,official common-system / same-code mapping
World Food Programme,NO-A,UN National Professional,T1_ENTRY_SUPPORT,National / Local,Staff,~P-1/P-2,0-2 years,Entry national professional requiring local/national expertise,Normally none,"UN Common System or common-system-aligned grade code; actual categories used vary by agency and vacancy. National officer mappings are functional, not mobility/salary equivalent.",HIGH,official common-system / inferred P-equivalence
World Food Programme,NO-B,UN National Professional,T2_JUNIOR_PROFESSIONAL,National / Local,Staff,~P-2,2-4 years,National officer / junior professional,May coordinate local partners,"UN Common System or common-system-aligned grade code; actual categories used vary by agency and vacancy. National officer mappings are functional, not mobility/salary equivalent.",HIGH,official common-system / inferred P-equivalence
World Food Programme,NO-C,UN National Professional,T3_MID_PROFESSIONAL,National / Local,Staff,~P-3,5-7 years,Experienced national professional managing workstreams,May supervise assistants/consultants,"UN Common System or common-system-aligned grade code; actual categories used vary by agency and vacancy. National officer mappings are functional, not mobility/salary equivalent.",HIGH,official common-system / inferred P-equivalence
World Food Programme,NO-D,UN National Professional,T4_SENIOR_PROFESSIONAL,National / Local,Staff,~P-4,7-10+ years,Senior national officer / technical lead,Often supervises staff/partners,"UN Common System or common-system-aligned grade code; actual categories used vary by agency and vacancy. National officer mappings are functional, not mobility/salary equivalent.",HIGH,official common-system / inferred P-equivalence
World Food Programme,G-1,UN General Service,T1_ENTRY_SUPPORT,Local,Staff,G-1,0+ years,Routine support,None,UN Common System or common-system-aligned grade code; actual categories used vary by agency and vacancy. General Service is support/local; do not map directly to P grades.,HIGH,official common-system / same-category mapping
World Food Programme,G-2,UN General Service,T1_ENTRY_SUPPORT,Local,Staff,G-2,2+ years,Basic clerical/operational support,None,UN Common System or common-system-aligned grade code; actual categories used vary by agency and vacancy. General Service is support/local; do not map directly to P grades.,HIGH,official common-system / same-category mapping
World Food Programme,G-3,UN General Service,T1_ENTRY_SUPPORT,Local,Staff,G-3,3+ years,Administrative/operational support,None,UN Common System or common-system-aligned grade code; actual categories used vary by agency and vacancy. General Service is support/local; do not map directly to P grades.,HIGH,official common-system / same-category mapping
World Food Programme,G-4,UN General Service,T2_JUNIOR_PROFESSIONAL,Local,Staff,G-4,4+ years,Experienced assistant / specialized support,Usually none,UN Common System or common-system-aligned grade code; actual categories used vary by agency and vacancy. General Service is support/local; do not map directly to P grades.,HIGH,official common-system / same-category mapping
World Food Programme,G-5,UN General Service,T2_JUNIOR_PROFESSIONAL,Local,Staff,G-5,5+ years,Senior assistant / para-professional support,May coordinate support tasks,UN Common System or common-system-aligned grade code; actual categories used vary by agency and vacancy. General Service is support/local; do not map directly to P grades.,HIGH,official common-system / same-category mapping
World Food Programme,G-6,UN General Service,T3_MID_PROFESSIONAL,Local,Staff,G-6,6+ years,Senior associate / complex support,May supervise support staff,UN Common System or common-system-aligned grade code; actual categories used vary by agency and vacancy. General Service is support/local; do not map directly to P grades.,HIGH,official common-system / same-category mapping
World Food Programme,G-7,UN General Service,T3_MID_PROFESSIONAL,Local,Staff,G-7,7+ years,Highest local GS specialist/support lead,Often supervises support functions,UN Common System or common-system-aligned grade code; actual categories used vary by agency and vacancy. General Service is support/local; do not map directly to P grades.,HIGH,official common-system / same-category mapping
World Food Programme,FS-1,UN Field Service,T1_ENTRY_SUPPORT,International / Field,Staff,FS-1,varies,Field service support,None/limited,Field Service is internationally recruited field support; not a Professional-grade substitute.,HIGH,official common-system
World Food Programme,FS-2,UN Field Service,T1_ENTRY_SUPPORT,International / Field,Staff,FS-2,varies,Field service support,None/limited,Field Service is internationally recruited field support; not a Professional-grade substitute.,HIGH,official common-system
World Food Programme,FS-3,UN Field Service,T2_JUNIOR_PROFESSIONAL,International / Field,Staff,FS-3,varies,Field technical/administrative support,Limited,Field Service is internationally recruited field support; not a Professional-grade substitute.,HIGH,official common-system
World Food Programme,FS-4,UN Field Service,T3_MID_PROFESSIONAL,International / Field,Staff,FS-4,varies,Experienced field technical/specialized support,May supervise,Field Service is internationally recruited field support; not a Professional-grade substitute.,HIGH,official common-system
World Food Programme,FS-5,UN Field Service,T3_MID_PROFESSIONAL,International / Field,Staff,FS-5,varies,Senior field support/specialist,Often supervises,Field Service is internationally recruited field support; not a Professional-grade substitute.,HIGH,official common-system
World Food Programme,FS-6,UN Field Service,T4_SENIOR_PROFESSIONAL,International / Field,Staff,FS-6,varies,Senior field specialist/team leader,Supervisory,Field Service is internationally recruited field support; not a Professional-grade substitute.,HIGH,official common-system
World Food Programme,FS-7,UN Field Service,T4_SENIOR_PROFESSIONAL,International / Field,Staff,FS-7,varies,Highest field service specialist/managerial support,Supervisory,Field Service is internationally recruited field support; not a Professional-grade substitute.,HIGH,official common-system
UNFPA,P-1,UN International Professional,T1_ENTRY_SUPPORT,International,Staff,P-1,0-2 years,Entry professional analysis under close supervision,Normally none,UN Common System or common-system-aligned grade code; actual categories used vary by agency and vacancy.,HIGH,official common-system / same-code mapping
UNFPA,P-2,UN International Professional,T2_JUNIOR_PROFESSIONAL,International,Staff,P-2,2-4 years,Junior professional/officer; defined portfolio,Normally none; may coordinate vendors/consultants,UN Common System or common-system-aligned grade code; actual categories used vary by agency and vacancy.,HIGH,official common-system / same-code mapping
UNFPA,P-3,UN International Professional,T3_MID_PROFESSIONAL,International,Staff,P-3,5-7 years,Independent professional ownership of workstream or project,May supervise junior staff/consultants,UN Common System or common-system-aligned grade code; actual categories used vary by agency and vacancy.,HIGH,official common-system / same-code mapping
UNFPA,P-4,UN International Professional,T4_SENIOR_PROFESSIONAL,International,Staff,P-4,7-10 years,"Senior specialist; complex programme, policy or technical leadership",Often supervises staff/consultants,UN Common System or common-system-aligned grade code; actual categories used vary by agency and vacancy.,HIGH,official common-system / same-code mapping
UNFPA,P-5,UN International Professional,T5_PRINCIPAL_MANAGER,International,Staff,P-5,10-15 years,Chief/principal specialist/section head,Frequently supervises teams and budgets,UN Common System or common-system-aligned grade code; actual categories used vary by agency and vacancy.,HIGH,official common-system / same-code mapping
UNFPA,D-1,UN Director,T6_DIRECTOR,International,Staff,D-1,15+ years,Director of division/large programme,Senior management responsibility,UN Common System or common-system-aligned grade code; actual categories used vary by agency and vacancy.,HIGH,official common-system / same-code mapping
UNFPA,D-2,UN Director,T6_DIRECTOR,International,Staff,D-2,15-20+ years,Senior director / head of major office,Institutional management responsibility,UN Common System or common-system-aligned grade code; actual categories used vary by agency and vacancy.,HIGH,official common-system / same-code mapping
UNFPA,NO-A,UN National Professional,T1_ENTRY_SUPPORT,National / Local,Staff,~P-1/P-2,0-2 years,Entry national professional requiring local/national expertise,Normally none,"UN Common System or common-system-aligned grade code; actual categories used vary by agency and vacancy. National officer mappings are functional, not mobility/salary equivalent.",HIGH,official common-system / inferred P-equivalence
UNFPA,NO-B,UN National Professional,T2_JUNIOR_PROFESSIONAL,National / Local,Staff,~P-2,2-4 years,National officer / junior professional,May coordinate local partners,"UN Common System or common-system-aligned grade code; actual categories used vary by agency and vacancy. National officer mappings are functional, not mobility/salary equivalent.",HIGH,official common-system / inferred P-equivalence
UNFPA,NO-C,UN National Professional,T3_MID_PROFESSIONAL,National / Local,Staff,~P-3,5-7 years,Experienced national professional managing workstreams,May supervise assistants/consultants,"UN Common System or common-system-aligned grade code; actual categories used vary by agency and vacancy. National officer mappings are functional, not mobility/salary equivalent.",HIGH,official common-system / inferred P-equivalence
UNFPA,NO-D,UN National Professional,T4_SENIOR_PROFESSIONAL,National / Local,Staff,~P-4,7-10+ years,Senior national officer / technical lead,Often supervises staff/partners,"UN Common System or common-system-aligned grade code; actual categories used vary by agency and vacancy. National officer mappings are functional, not mobility/salary equivalent.",HIGH,official common-system / inferred P-equivalence
UNFPA,G-1,UN General Service,T1_ENTRY_SUPPORT,Local,Staff,G-1,0+ years,Routine support,None,UN Common System or common-system-aligned grade code; actual categories used vary by agency and vacancy. General Service is support/local; do not map directly to P grades.,HIGH,official common-system / same-category mapping
UNFPA,G-2,UN General Service,T1_ENTRY_SUPPORT,Local,Staff,G-2,2+ years,Basic clerical/operational support,None,UN Common System or common-system-aligned grade code; actual categories used vary by agency and vacancy. General Service is support/local; do not map directly to P grades.,HIGH,official common-system / same-category mapping
UNFPA,G-3,UN General Service,T1_ENTRY_SUPPORT,Local,Staff,G-3,3+ years,Administrative/operational support,None,UN Common System or common-system-aligned grade code; actual categories used vary by agency and vacancy. General Service is support/local; do not map directly to P grades.,HIGH,official common-system / same-category mapping
UNFPA,G-4,UN General Service,T2_JUNIOR_PROFESSIONAL,Local,Staff,G-4,4+ years,Experienced assistant / specialized support,Usually none,UN Common System or common-system-aligned grade code; actual categories used vary by agency and vacancy. General Service is support/local; do not map directly to P grades.,HIGH,official common-system / same-category mapping
UNFPA,G-5,UN General Service,T2_JUNIOR_PROFESSIONAL,Local,Staff,G-5,5+ years,Senior assistant / para-professional support,May coordinate support tasks,UN Common System or common-system-aligned grade code; actual categories used vary by agency and vacancy. General Service is support/local; do not map directly to P grades.,HIGH,official common-system / same-category mapping
UNFPA,G-6,UN General Service,T3_MID_PROFESSIONAL,Local,Staff,G-6,6+ years,Senior associate / complex support,May supervise support staff,UN Common System or common-system-aligned grade code; actual categories used vary by agency and vacancy. General Service is support/local; do not map directly to P grades.,HIGH,official common-system / same-category mapping
UNFPA,G-7,UN General Service,T3_MID_PROFESSIONAL,Local,Staff,G-7,7+ years,Highest local GS specialist/support lead,Often supervises support functions,UN Common System or common-system-aligned grade code; actual categories used vary by agency and vacancy. General Service is support/local; do not map directly to P grades.,HIGH,official common-system / same-category mapping
UNDP,P-1,UN International Professional,T1_ENTRY_SUPPORT,International,Staff,P-1,0-2 years,Entry professional analysis under close supervision,Normally none,UN Common System or common-system-aligned grade code; actual categories used vary by agency and vacancy.,HIGH,official common-system / same-code mapping
UNDP,P-2,UN International Professional,T2_JUNIOR_PROFESSIONAL,International,Staff,P-2,2-4 years,Junior professional/officer; defined portfolio,Normally none; may coordinate vendors/consultants,UN Common System or common-system-aligned grade code; actual categories used vary by agency and vacancy.,HIGH,official common-system / same-code mapping
UNDP,P-3,UN International Professional,T3_MID_PROFESSIONAL,International,Staff,P-3,5-7 years,Independent professional ownership of workstream or project,May supervise junior staff/consultants,UN Common System or common-system-aligned grade code; actual categories used vary by agency and vacancy.,HIGH,official common-system / same-code mapping
UNDP,P-4,UN International Professional,T4_SENIOR_PROFESSIONAL,International,Staff,P-4,7-10 years,"Senior specialist; complex programme, policy or technical leadership",Often supervises staff/consultants,UN Common System or common-system-aligned grade code; actual categories used vary by agency and vacancy.,HIGH,official common-system / same-code mapping
UNDP,P-5,UN International Professional,T5_PRINCIPAL_MANAGER,International,Staff,P-5,10-15 years,Chief/principal specialist/section head,Frequently supervises teams and budgets,UN Common System or common-system-aligned grade code; actual categories used vary by agency and vacancy.,HIGH,official common-system / same-code mapping
UNDP,D-1,UN Director,T6_DIRECTOR,International,Staff,D-1,15+ years,Director of division/large programme,Senior management responsibility,UN Common System or common-system-aligned grade code; actual categories used vary by agency and vacancy.,HIGH,official common-system / same-code mapping
UNDP,D-2,UN Director,T6_DIRECTOR,International,Staff,D-2,15-20+ years,Senior director / head of major office,Institutional management responsibility,UN Common System or common-system-aligned grade code; actual categories used vary by agency and vacancy.,HIGH,official common-system / same-code mapping
UNDP,NO-A,UN National Professional,T1_ENTRY_SUPPORT,National / Local,Staff,~P-1/P-2,0-2 years,Entry national professional requiring local/national expertise,Normally none,"UN Common System or common-system-aligned grade code; actual categories used vary by agency and vacancy. National officer mappings are functional, not mobility/salary equivalent.",HIGH,official common-system / inferred P-equivalence
UNDP,NO-B,UN National Professional,T2_JUNIOR_PROFESSIONAL,National / Local,Staff,~P-2,2-4 years,National officer / junior professional,May coordinate local partners,"UN Common System or common-system-aligned grade code; actual categories used vary by agency and vacancy. National officer mappings are functional, not mobility/salary equivalent.",HIGH,official common-system / inferred P-equivalence
UNDP,NO-C,UN National Professional,T3_MID_PROFESSIONAL,National / Local,Staff,~P-3,5-7 years,Experienced national professional managing workstreams,May supervise assistants/consultants,"UN Common System or common-system-aligned grade code; actual categories used vary by agency and vacancy. National officer mappings are functional, not mobility/salary equivalent.",HIGH,official common-system / inferred P-equivalence
UNDP,NO-D,UN National Professional,T4_SENIOR_PROFESSIONAL,National / Local,Staff,~P-4,7-10+ years,Senior national officer / technical lead,Often supervises staff/partners,"UN Common System or common-system-aligned grade code; actual categories used vary by agency and vacancy. National officer mappings are functional, not mobility/salary equivalent.",HIGH,official common-system / inferred P-equivalence
UNDP,G-1,UN General Service,T1_ENTRY_SUPPORT,Local,Staff,G-1,0+ years,Routine support,None,UN Common System or common-system-aligned grade code; actual categories used vary by agency and vacancy. General Service is support/local; do not map directly to P grades.,HIGH,official common-system / same-category mapping
UNDP,G-2,UN General Service,T1_ENTRY_SUPPORT,Local,Staff,G-2,2+ years,Basic clerical/operational support,None,UN Common System or common-system-aligned grade code; actual categories used vary by agency and vacancy. General Service is support/local; do not map directly to P grades.,HIGH,official common-system / same-category mapping
UNDP,G-3,UN General Service,T1_ENTRY_SUPPORT,Local,Staff,G-3,3+ years,Administrative/operational support,None,UN Common System or common-system-aligned grade code; actual categories used vary by agency and vacancy. General Service is support/local; do not map directly to P grades.,HIGH,official common-system / same-category mapping
UNDP,G-4,UN General Service,T2_JUNIOR_PROFESSIONAL,Local,Staff,G-4,4+ years,Experienced assistant / specialized support,Usually none,UN Common System or common-system-aligned grade code; actual categories used vary by agency and vacancy. General Service is support/local; do not map directly to P grades.,HIGH,official common-system / same-category mapping
UNDP,G-5,UN General Service,T2_JUNIOR_PROFESSIONAL,Local,Staff,G-5,5+ years,Senior assistant / para-professional support,May coordinate support tasks,UN Common System or common-system-aligned grade code; actual categories used vary by agency and vacancy. General Service is support/local; do not map directly to P grades.,HIGH,official common-system / same-category mapping
UNDP,G-6,UN General Service,T3_MID_PROFESSIONAL,Local,Staff,G-6,6+ years,Senior associate / complex support,May supervise support staff,UN Common System or common-system-aligned grade code; actual categories used vary by agency and vacancy. General Service is support/local; do not map directly to P grades.,HIGH,official common-system / same-category mapping
UNDP,G-7,UN General Service,T3_MID_PROFESSIONAL,Local,Staff,G-7,7+ years,Highest local GS specialist/support lead,Often supervises support functions,UN Common System or common-system-aligned grade code; actual categories used vary by agency and vacancy. General Service is support/local; do not map directly to P grades.,HIGH,official common-system / same-category mapping
UN Women,P-1,UN International Professional,T1_ENTRY_SUPPORT,International,Staff,P-1,0-2 years,Entry professional analysis under close supervision,Normally none,UN Common System or common-system-aligned grade code; actual categories used vary by agency and vacancy.,HIGH,official common-system / same-code mapping
UN Women,P-2,UN International Professional,T2_JUNIOR_PROFESSIONAL,International,Staff,P-2,2-4 years,Junior professional/officer; defined portfolio,Normally none; may coordinate vendors/consultants,UN Common System or common-system-aligned grade code; actual categories used vary by agency and vacancy.,HIGH,official common-system / same-code mapping
UN Women,P-3,UN International Professional,T3_MID_PROFESSIONAL,International,Staff,P-3,5-7 years,Independent professional ownership of workstream or project,May supervise junior staff/consultants,UN Common System or common-system-aligned grade code; actual categories used vary by agency and vacancy.,HIGH,official common-system / same-code mapping
UN Women,P-4,UN International Professional,T4_SENIOR_PROFESSIONAL,International,Staff,P-4,7-10 years,"Senior specialist; complex programme, policy or technical leadership",Often supervises staff/consultants,UN Common System or common-system-aligned grade code; actual categories used vary by agency and vacancy.,HIGH,official common-system / same-code mapping
UN Women,P-5,UN International Professional,T5_PRINCIPAL_MANAGER,International,Staff,P-5,10-15 years,Chief/principal specialist/section head,Frequently supervises teams and budgets,UN Common System or common-system-aligned grade code; actual categories used vary by agency and vacancy.,HIGH,official common-system / same-code mapping
UN Women,D-1,UN Director,T6_DIRECTOR,International,Staff,D-1,15+ years,Director of division/large programme,Senior management responsibility,UN Common System or common-system-aligned grade code; actual categories used vary by agency and vacancy.,HIGH,official common-system / same-code mapping
UN Women,D-2,UN Director,T6_DIRECTOR,International,Staff,D-2,15-20+ years,Senior director / head of major office,Institutional management responsibility,UN Common System or common-system-aligned grade code; actual categories used vary by agency and vacancy.,HIGH,official common-system / same-code mapping
UN Women,NO-A,UN National Professional,T1_ENTRY_SUPPORT,National / Local,Staff,~P-1/P-2,0-2 years,Entry national professional requiring local/national expertise,Normally none,"UN Common System or common-system-aligned grade code; actual categories used vary by agency and vacancy. National officer mappings are functional, not mobility/salary equivalent.",HIGH,official common-system / inferred P-equivalence
UN Women,NO-B,UN National Professional,T2_JUNIOR_PROFESSIONAL,National / Local,Staff,~P-2,2-4 years,National officer / junior professional,May coordinate local partners,"UN Common System or common-system-aligned grade code; actual categories used vary by agency and vacancy. National officer mappings are functional, not mobility/salary equivalent.",HIGH,official common-system / inferred P-equivalence
UN Women,NO-C,UN National Professional,T3_MID_PROFESSIONAL,National / Local,Staff,~P-3,5-7 years,Experienced national professional managing workstreams,May supervise assistants/consultants,"UN Common System or common-system-aligned grade code; actual categories used vary by agency and vacancy. National officer mappings are functional, not mobility/salary equivalent.",HIGH,official common-system / inferred P-equivalence
UN Women,NO-D,UN National Professional,T4_SENIOR_PROFESSIONAL,National / Local,Staff,~P-4,7-10+ years,Senior national officer / technical lead,Often supervises staff/partners,"UN Common System or common-system-aligned grade code; actual categories used vary by agency and vacancy. National officer mappings are functional, not mobility/salary equivalent.",HIGH,official common-system / inferred P-equivalence
UN Women,G-1,UN General Service,T1_ENTRY_SUPPORT,Local,Staff,G-1,0+ years,Routine support,None,UN Common System or common-system-aligned grade code; actual categories used vary by agency and vacancy. General Service is support/local; do not map directly to P grades.,HIGH,official common-system / same-category mapping
UN Women,G-2,UN General Service,T1_ENTRY_SUPPORT,Local,Staff,G-2,2+ years,Basic clerical/operational support,None,UN Common System or common-system-aligned grade code; actual categories used vary by agency and vacancy. General Service is support/local; do not map directly to P grades.,HIGH,official common-system / same-category mapping
UN Women,G-3,UN General Service,T1_ENTRY_SUPPORT,Local,Staff,G-3,3+ years,Administrative/operational support,None,UN Common System or common-system-aligned grade code; actual categories used vary by agency and vacancy. General Service is support/local; do not map directly to P grades.,HIGH,official common-system / same-category mapping
UN Women,G-4,UN General Service,T2_JUNIOR_PROFESSIONAL,Local,Staff,G-4,4+ years,Experienced assistant / specialized support,Usually none,UN Common System or common-system-aligned grade code; actual categories used vary by agency and vacancy. General Service is support/local; do not map directly to P grades.,HIGH,official common-system / same-category mapping
UN Women,G-5,UN General Service,T2_JUNIOR_PROFESSIONAL,Local,Staff,G-5,5+ years,Senior assistant / para-professional support,May coordinate support tasks,UN Common System or common-system-aligned grade code; actual categories used vary by agency and vacancy. General Service is support/local; do not map directly to P grades.,HIGH,official common-system / same-category mapping
UN Women,G-6,UN General Service,T3_MID_PROFESSIONAL,Local,Staff,G-6,6+ years,Senior associate / complex support,May supervise support staff,UN Common System or common-system-aligned grade code; actual categories used vary by agency and vacancy. General Service is support/local; do not map directly to P grades.,HIGH,official common-system / same-category mapping
UN Women,G-7,UN General Service,T3_MID_PROFESSIONAL,Local,Staff,G-7,7+ years,Highest local GS specialist/support lead,Often supervises support functions,UN Common System or common-system-aligned grade code; actual categories used vary by agency and vacancy. General Service is support/local; do not map directly to P grades.,HIGH,official common-system / same-category mapping
UNOPS,P-1,UN International Professional,T1_ENTRY_SUPPORT,International,Staff,P-1,0-2 years,Entry professional analysis under close supervision,Normally none,UN Common System or common-system-aligned grade code; actual categories used vary by agency and vacancy.,HIGH,official common-system / same-code mapping
UNOPS,P-2,UN International Professional,T2_JUNIOR_PROFESSIONAL,International,Staff,P-2,2-4 years,Junior professional/officer; defined portfolio,Normally none; may coordinate vendors/consultants,UN Common System or common-system-aligned grade code; actual categories used vary by agency and vacancy.,HIGH,official common-system / same-code mapping
UNOPS,P-3,UN International Professional,T3_MID_PROFESSIONAL,International,Staff,P-3,5-7 years,Independent professional ownership of workstream or project,May supervise junior staff/consultants,UN Common System or common-system-aligned grade code; actual categories used vary by agency and vacancy.,HIGH,official common-system / same-code mapping
UNOPS,P-4,UN International Professional,T4_SENIOR_PROFESSIONAL,International,Staff,P-4,7-10 years,"Senior specialist; complex programme, policy or technical leadership",Often supervises staff/consultants,UN Common System or common-system-aligned grade code; actual categories used vary by agency and vacancy.,HIGH,official common-system / same-code mapping
UNOPS,P-5,UN International Professional,T5_PRINCIPAL_MANAGER,International,Staff,P-5,10-15 years,Chief/principal specialist/section head,Frequently supervises teams and budgets,UN Common System or common-system-aligned grade code; actual categories used vary by agency and vacancy.,HIGH,official common-system / same-code mapping
UNOPS,D-1,UN Director,T6_DIRECTOR,International,Staff,D-1,15+ years,Director of division/large programme,Senior management responsibility,UN Common System or common-system-aligned grade code; actual categories used vary by agency and vacancy.,HIGH,official common-system / same-code mapping
UNOPS,D-2,UN Director,T6_DIRECTOR,International,Staff,D-2,15-20+ years,Senior director / head of major office,Institutional management responsibility,UN Common System or common-system-aligned grade code; actual categories used vary by agency and vacancy.,HIGH,official common-system / same-code mapping
UNOPS,NO-A,UN National Professional,T1_ENTRY_SUPPORT,National / Local,Staff,~P-1/P-2,0-2 years,Entry national professional requiring local/national expertise,Normally none,"UN Common System or common-system-aligned grade code; actual categories used vary by agency and vacancy. National officer mappings are functional, not mobility/salary equivalent.",HIGH,official common-system / inferred P-equivalence
UNOPS,NO-B,UN National Professional,T2_JUNIOR_PROFESSIONAL,National / Local,Staff,~P-2,2-4 years,National officer / junior professional,May coordinate local partners,"UN Common System or common-system-aligned grade code; actual categories used vary by agency and vacancy. National officer mappings are functional, not mobility/salary equivalent.",HIGH,official common-system / inferred P-equivalence
UNOPS,NO-C,UN National Professional,T3_MID_PROFESSIONAL,National / Local,Staff,~P-3,5-7 years,Experienced national professional managing workstreams,May supervise assistants/consultants,"UN Common System or common-system-aligned grade code; actual categories used vary by agency and vacancy. National officer mappings are functional, not mobility/salary equivalent.",HIGH,official common-system / inferred P-equivalence
UNOPS,NO-D,UN National Professional,T4_SENIOR_PROFESSIONAL,National / Local,Staff,~P-4,7-10+ years,Senior national officer / technical lead,Often supervises staff/partners,"UN Common System or common-system-aligned grade code; actual categories used vary by agency and vacancy. National officer mappings are functional, not mobility/salary equivalent.",HIGH,official common-system / inferred P-equivalence
UNOPS,G-1,UN General Service,T1_ENTRY_SUPPORT,Local,Staff,G-1,0+ years,Routine support,None,UN Common System or common-system-aligned grade code; actual categories used vary by agency and vacancy. General Service is support/local; do not map directly to P grades.,HIGH,official common-system / same-category mapping
UNOPS,G-2,UN General Service,T1_ENTRY_SUPPORT,Local,Staff,G-2,2+ years,Basic clerical/operational support,None,UN Common System or common-system-aligned grade code; actual categories used vary by agency and vacancy. General Service is support/local; do not map directly to P grades.,HIGH,official common-system / same-category mapping
UNOPS,G-3,UN General Service,T1_ENTRY_SUPPORT,Local,Staff,G-3,3+ years,Administrative/operational support,None,UN Common System or common-system-aligned grade code; actual categories used vary by agency and vacancy. General Service is support/local; do not map directly to P grades.,HIGH,official common-system / same-category mapping
UNOPS,G-4,UN General Service,T2_JUNIOR_PROFESSIONAL,Local,Staff,G-4,4+ years,Experienced assistant / specialized support,Usually none,UN Common System or common-system-aligned grade code; actual categories used vary by agency and vacancy. General Service is support/local; do not map directly to P grades.,HIGH,official common-system / same-category mapping
UNOPS,G-5,UN General Service,T2_JUNIOR_PROFESSIONAL,Local,Staff,G-5,5+ years,Senior assistant / para-professional support,May coordinate support tasks,UN Common System or common-system-aligned grade code; actual categories used vary by agency and vacancy. General Service is support/local; do not map directly to P grades.,HIGH,official common-system / same-category mapping
UNOPS,G-6,UN General Service,T3_MID_PROFESSIONAL,Local,Staff,G-6,6+ years,Senior associate / complex support,May supervise support staff,UN Common System or common-system-aligned grade code; actual categories used vary by agency and vacancy. General Service is support/local; do not map directly to P grades.,HIGH,official common-system / same-category mapping
UNOPS,G-7,UN General Service,T3_MID_PROFESSIONAL,Local,Staff,G-7,7+ years,Highest local GS specialist/support lead,Often supervises support functions,UN Common System or common-system-aligned grade code; actual categories used vary by agency and vacancy. General Service is support/local; do not map directly to P grades.,HIGH,official common-system / same-category mapping
UNOPS,FS-1,UN Field Service,T1_ENTRY_SUPPORT,International / Field,Staff,FS-1,varies,Field service support,None/limited,Field Service is internationally recruited field support; not a Professional-grade substitute.,HIGH,official common-system
UNOPS,FS-2,UN Field Service,T1_ENTRY_SUPPORT,International / Field,Staff,FS-2,varies,Field service support,None/limited,Field Service is internationally recruited field support; not a Professional-grade substitute.,HIGH,official common-system
UNOPS,FS-3,UN Field Service,T2_JUNIOR_PROFESSIONAL,International / Field,Staff,FS-3,varies,Field technical/administrative support,Limited,Field Service is internationally recruited field support; not a Professional-grade substitute.,HIGH,official common-system
UNOPS,FS-4,UN Field Service,T3_MID_PROFESSIONAL,International / Field,Staff,FS-4,varies,Experienced field technical/specialized support,May supervise,Field Service is internationally recruited field support; not a Professional-grade substitute.,HIGH,official common-system
UNOPS,FS-5,UN Field Service,T3_MID_PROFESSIONAL,International / Field,Staff,FS-5,varies,Senior field support/specialist,Often supervises,Field Service is internationally recruited field support; not a Professional-grade substitute.,HIGH,official common-system
UNOPS,FS-6,UN Field Service,T4_SENIOR_PROFESSIONAL,International / Field,Staff,FS-6,varies,Senior field specialist/team leader,Supervisory,Field Service is internationally recruited field support; not a Professional-grade substitute.,HIGH,official common-system
UNOPS,FS-7,UN Field Service,T4_SENIOR_PROFESSIONAL,International / Field,Staff,FS-7,varies,Highest field service specialist/managerial support,Supervisory,Field Service is internationally recruited field support; not a Professional-grade substitute.,HIGH,official common-system
Food and Agriculture Organization,P-1,UN International Professional,T1_ENTRY_SUPPORT,International,Staff,P-1,0-2 years,Entry professional analysis under close supervision,Normally none,UN Common System or common-system-aligned grade code; actual categories used vary by agency and vacancy.,HIGH,official common-system / same-code mapping
Food and Agriculture Organization,P-2,UN International Professional,T2_JUNIOR_PROFESSIONAL,International,Staff,P-2,2-4 years,Junior professional/officer; defined portfolio,Normally none; may coordinate vendors/consultants,UN Common System or common-system-aligned grade code; actual categories used vary by agency and vacancy.,HIGH,official common-system / same-code mapping
Food and Agriculture Organization,P-3,UN International Professional,T3_MID_PROFESSIONAL,International,Staff,P-3,5-7 years,Independent professional ownership of workstream or project,May supervise junior staff/consultants,UN Common System or common-system-aligned grade code; actual categories used vary by agency and vacancy.,HIGH,official common-system / same-code mapping
Food and Agriculture Organization,P-4,UN International Professional,T4_SENIOR_PROFESSIONAL,International,Staff,P-4,7-10 years,"Senior specialist; complex programme, policy or technical leadership",Often supervises staff/consultants,UN Common System or common-system-aligned grade code; actual categories used vary by agency and vacancy.,HIGH,official common-system / same-code mapping
Food and Agriculture Organization,P-5,UN International Professional,T5_PRINCIPAL_MANAGER,International,Staff,P-5,10-15 years,Chief/principal specialist/section head,Frequently supervises teams and budgets,UN Common System or common-system-aligned grade code; actual categories used vary by agency and vacancy.,HIGH,official common-system / same-code mapping
Food and Agriculture Organization,D-1,UN Director,T6_DIRECTOR,International,Staff,D-1,15+ years,Director of division/large programme,Senior management responsibility,UN Common System or common-system-aligned grade code; actual categories used vary by agency and vacancy.,HIGH,official common-system / same-code mapping
Food and Agriculture Organization,D-2,UN Director,T6_DIRECTOR,International,Staff,D-2,15-20+ years,Senior director / head of major office,Institutional management responsibility,UN Common System or common-system-aligned grade code; actual categories used vary by agency and vacancy.,HIGH,official common-system / same-code mapping
Food and Agriculture Organization,NO-A,UN National Professional,T1_ENTRY_SUPPORT,National / Local,Staff,~P-1/P-2,0-2 years,Entry national professional requiring local/national expertise,Normally none,"UN Common System or common-system-aligned grade code; actual categories used vary by agency and vacancy. National officer mappings are functional, not mobility/salary equivalent.",HIGH,official common-system / inferred P-equivalence
Food and Agriculture Organization,NO-B,UN National Professional,T2_JUNIOR_PROFESSIONAL,National / Local,Staff,~P-2,2-4 years,National officer / junior professional,May coordinate local partners,"UN Common System or common-system-aligned grade code; actual categories used vary by agency and vacancy. National officer mappings are functional, not mobility/salary equivalent.",HIGH,official common-system / inferred P-equivalence
Food and Agriculture Organization,NO-C,UN National Professional,T3_MID_PROFESSIONAL,National / Local,Staff,~P-3,5-7 years,Experienced national professional managing workstreams,May supervise assistants/consultants,"UN Common System or common-system-aligned grade code; actual categories used vary by agency and vacancy. National officer mappings are functional, not mobility/salary equivalent.",HIGH,official common-system / inferred P-equivalence
Food and Agriculture Organization,NO-D,UN National Professional,T4_SENIOR_PROFESSIONAL,National / Local,Staff,~P-4,7-10+ years,Senior national officer / technical lead,Often supervises staff/partners,"UN Common System or common-system-aligned grade code; actual categories used vary by agency and vacancy. National officer mappings are functional, not mobility/salary equivalent.",HIGH,official common-system / inferred P-equivalence
Food and Agriculture Organization,G-1,UN General Service,T1_ENTRY_SUPPORT,Local,Staff,G-1,0+ years,Routine support,None,UN Common System or common-system-aligned grade code; actual categories used vary by agency and vacancy. General Service is support/local; do not map directly to P grades.,HIGH,official common-system / same-category mapping
Food and Agriculture Organization,G-2,UN General Service,T1_ENTRY_SUPPORT,Local,Staff,G-2,2+ years,Basic clerical/operational support,None,UN Common System or common-system-aligned grade code; actual categories used vary by agency and vacancy. General Service is support/local; do not map directly to P grades.,HIGH,official common-system / same-category mapping
Food and Agriculture Organization,G-3,UN General Service,T1_ENTRY_SUPPORT,Local,Staff,G-3,3+ years,Administrative/operational support,None,UN Common System or common-system-aligned grade code; actual categories used vary by agency and vacancy. General Service is support/local; do not map directly to P grades.,HIGH,official common-system / same-category mapping
Food and Agriculture Organization,G-4,UN General Service,T2_JUNIOR_PROFESSIONAL,Local,Staff,G-4,4+ years,Experienced assistant / specialized support,Usually none,UN Common System or common-system-aligned grade code; actual categories used vary by agency and vacancy. General Service is support/local; do not map directly to P grades.,HIGH,official common-system / same-category mapping
Food and Agriculture Organization,G-5,UN General Service,T2_JUNIOR_PROFESSIONAL,Local,Staff,G-5,5+ years,Senior assistant / para-professional support,May coordinate support tasks,UN Common System or common-system-aligned grade code; actual categories used vary by agency and vacancy. General Service is support/local; do not map directly to P grades.,HIGH,official common-system / same-category mapping
Food and Agriculture Organization,G-6,UN General Service,T3_MID_PROFESSIONAL,Local,Staff,G-6,6+ years,Senior associate / complex support,May supervise support staff,UN Common System or common-system-aligned grade code; actual categories used vary by agency and vacancy. General Service is support/local; do not map directly to P grades.,HIGH,official common-system / same-category mapping
Food and Agriculture Organization,G-7,UN General Service,T3_MID_PROFESSIONAL,Local,Staff,G-7,7+ years,Highest local GS specialist/support lead,Often supervises support functions,UN Common System or common-system-aligned grade code; actual categories used vary by agency and vacancy. General Service is support/local; do not map directly to P grades.,HIGH,official common-system / same-category mapping
World Health Organization,P-1,UN International Professional,T1_ENTRY_SUPPORT,International,Staff,P-1,0-2 years,Entry professional analysis under close supervision,Normally none,UN Common System or common-system-aligned grade code; actual categories used vary by agency and vacancy.,HIGH,official common-system / same-code mapping
World Health Organization,P-2,UN International Professional,T2_JUNIOR_PROFESSIONAL,International,Staff,P-2,2-4 years,Junior professional/officer; defined portfolio,Normally none; may coordinate vendors/consultants,UN Common System or common-system-aligned grade code; actual categories used vary by agency and vacancy.,HIGH,official common-system / same-code mapping
World Health Organization,P-3,UN International Professional,T3_MID_PROFESSIONAL,International,Staff,P-3,5-7 years,Independent professional ownership of workstream or project,May supervise junior staff/consultants,UN Common System or common-system-aligned grade code; actual categories used vary by agency and vacancy.,HIGH,official common-system / same-code mapping
World Health Organization,P-4,UN International Professional,T4_SENIOR_PROFESSIONAL,International,Staff,P-4,7-10 years,"Senior specialist; complex programme, policy or technical leadership",Often supervises staff/consultants,UN Common System or common-system-aligned grade code; actual categories used vary by agency and vacancy.,HIGH,official common-system / same-code mapping
World Health Organization,P-5,UN International Professional,T5_PRINCIPAL_MANAGER,International,Staff,P-5,10-15 years,Chief/principal specialist/section head,Frequently supervises teams and budgets,UN Common System or common-system-aligned grade code; actual categories used vary by agency and vacancy.,HIGH,official common-system / same-code mapping
World Health Organization,D-1,UN Director,T6_DIRECTOR,International,Staff,D-1,15+ years,Director of division/large programme,Senior management responsibility,UN Common System or common-system-aligned grade code; actual categories used vary by agency and vacancy.,HIGH,official common-system / same-code mapping
World Health Organization,D-2,UN Director,T6_DIRECTOR,International,Staff,D-2,15-20+ years,Senior director / head of major office,Institutional management responsibility,UN Common System or common-system-aligned grade code; actual categories used vary by agency and vacancy.,HIGH,official common-system / same-code mapping
World Health Organization,NO-A,UN National Professional,T1_ENTRY_SUPPORT,National / Local,Staff,~P-1/P-2,0-2 years,Entry national professional requiring local/national expertise,Normally none,"UN Common System or common-system-aligned grade code; actual categories used vary by agency and vacancy. National officer mappings are functional, not mobility/salary equivalent.",HIGH,official common-system / inferred P-equivalence
World Health Organization,NO-B,UN National Professional,T2_JUNIOR_PROFESSIONAL,National / Local,Staff,~P-2,2-4 years,National officer / junior professional,May coordinate local partners,"UN Common System or common-system-aligned grade code; actual categories used vary by agency and vacancy. National officer mappings are functional, not mobility/salary equivalent.",HIGH,official common-system / inferred P-equivalence
World Health Organization,NO-C,UN National Professional,T3_MID_PROFESSIONAL,National / Local,Staff,~P-3,5-7 years,Experienced national professional managing workstreams,May supervise assistants/consultants,"UN Common System or common-system-aligned grade code; actual categories used vary by agency and vacancy. National officer mappings are functional, not mobility/salary equivalent.",HIGH,official common-system / inferred P-equivalence
World Health Organization,NO-D,UN National Professional,T4_SENIOR_PROFESSIONAL,National / Local,Staff,~P-4,7-10+ years,Senior national officer / technical lead,Often supervises staff/partners,"UN Common System or common-system-aligned grade code; actual categories used vary by agency and vacancy. National officer mappings are functional, not mobility/salary equivalent.",HIGH,official common-system / inferred P-equivalence
World Health Organization,G-1,UN General Service,T1_ENTRY_SUPPORT,Local,Staff,G-1,0+ years,Routine support,None,UN Common System or common-system-aligned grade code; actual categories used vary by agency and vacancy. General Service is support/local; do not map directly to P grades.,HIGH,official common-system / same-category mapping
World Health Organization,G-2,UN General Service,T1_ENTRY_SUPPORT,Local,Staff,G-2,2+ years,Basic clerical/operational support,None,UN Common System or common-system-aligned grade code; actual categories used vary by agency and vacancy. General Service is support/local; do not map directly to P grades.,HIGH,official common-system / same-category mapping
World Health Organization,G-3,UN General Service,T1_ENTRY_SUPPORT,Local,Staff,G-3,3+ years,Administrative/operational support,None,UN Common System or common-system-aligned grade code; actual categories used vary by agency and vacancy. General Service is support/local; do not map directly to P grades.,HIGH,official common-system / same-category mapping
World Health Organization,G-4,UN General Service,T2_JUNIOR_PROFESSIONAL,Local,Staff,G-4,4+ years,Experienced assistant / specialized support,Usually none,UN Common System or common-system-aligned grade code; actual categories used vary by agency and vacancy. General Service is support/local; do not map directly to P grades.,HIGH,official common-system / same-category mapping
World Health Organization,G-5,UN General Service,T2_JUNIOR_PROFESSIONAL,Local,Staff,G-5,5+ years,Senior assistant / para-professional support,May coordinate support tasks,UN Common System or common-system-aligned grade code; actual categories used vary by agency and vacancy. General Service is support/local; do not map directly to P grades.,HIGH,official common-system / same-category mapping
World Health Organization,G-6,UN General Service,T3_MID_PROFESSIONAL,Local,Staff,G-6,6+ years,Senior associate / complex support,May supervise support staff,UN Common System or common-system-aligned grade code; actual categories used vary by agency and vacancy. General Service is support/local; do not map directly to P grades.,HIGH,official common-system / same-category mapping
World Health Organization,G-7,UN General Service,T3_MID_PROFESSIONAL,Local,Staff,G-7,7+ years,Highest local GS specialist/support lead,Often supervises support functions,UN Common System or common-system-aligned grade code; actual categories used vary by agency and vacancy. General Service is support/local; do not map directly to P grades.,HIGH,official common-system / same-category mapping
Pan American Health Organization,P-1,UN International Professional,T1_ENTRY_SUPPORT,International,Staff,P-1,0-2 years,Entry professional analysis under close supervision,Normally none,UN Common System or common-system-aligned grade code; actual categories used vary by agency and vacancy.,HIGH,official common-system / same-code mapping
Pan American Health Organization,P-2,UN International Professional,T2_JUNIOR_PROFESSIONAL,International,Staff,P-2,2-4 years,Junior professional/officer; defined portfolio,Normally none; may coordinate vendors/consultants,UN Common System or common-system-aligned grade code; actual categories used vary by agency and vacancy.,HIGH,official common-system / same-code mapping
Pan American Health Organization,P-3,UN International Professional,T3_MID_PROFESSIONAL,International,Staff,P-3,5-7 years,Independent professional ownership of workstream or project,May supervise junior staff/consultants,UN Common System or common-system-aligned grade code; actual categories used vary by agency and vacancy.,HIGH,official common-system / same-code mapping
Pan American Health Organization,P-4,UN International Professional,T4_SENIOR_PROFESSIONAL,International,Staff,P-4,7-10 years,"Senior specialist; complex programme, policy or technical leadership",Often supervises staff/consultants,UN Common System or common-system-aligned grade code; actual categories used vary by agency and vacancy.,HIGH,official common-system / same-code mapping
Pan American Health Organization,P-5,UN International Professional,T5_PRINCIPAL_MANAGER,International,Staff,P-5,10-15 years,Chief/principal specialist/section head,Frequently supervises teams and budgets,UN Common System or common-system-aligned grade code; actual categories used vary by agency and vacancy.,HIGH,official common-system / same-code mapping
Pan American Health Organization,D-1,UN Director,T6_DIRECTOR,International,Staff,D-1,15+ years,Director of division/large programme,Senior management responsibility,UN Common System or common-system-aligned grade code; actual categories used vary by agency and vacancy.,HIGH,official common-system / same-code mapping
Pan American Health Organization,D-2,UN Director,T6_DIRECTOR,International,Staff,D-2,15-20+ years,Senior director / head of major office,Institutional management responsibility,UN Common System or common-system-aligned grade code; actual categories used vary by agency and vacancy.,HIGH,official common-system / same-code mapping
Pan American Health Organization,NO-A,UN National Professional,T1_ENTRY_SUPPORT,National / Local,Staff,~P-1/P-2,0-2 years,Entry national professional requiring local/national expertise,Normally none,"UN Common System or common-system-aligned grade code; actual categories used vary by agency and vacancy. National officer mappings are functional, not mobility/salary equivalent.",HIGH,official common-system / inferred P-equivalence
Pan American Health Organization,NO-B,UN National Professional,T2_JUNIOR_PROFESSIONAL,National / Local,Staff,~P-2,2-4 years,National officer / junior professional,May coordinate local partners,"UN Common System or common-system-aligned grade code; actual categories used vary by agency and vacancy. National officer mappings are functional, not mobility/salary equivalent.",HIGH,official common-system / inferred P-equivalence
Pan American Health Organization,NO-C,UN National Professional,T3_MID_PROFESSIONAL,National / Local,Staff,~P-3,5-7 years,Experienced national professional managing workstreams,May supervise assistants/consultants,"UN Common System or common-system-aligned grade code; actual categories used vary by agency and vacancy. National officer mappings are functional, not mobility/salary equivalent.",HIGH,official common-system / inferred P-equivalence
Pan American Health Organization,NO-D,UN National Professional,T4_SENIOR_PROFESSIONAL,National / Local,Staff,~P-4,7-10+ years,Senior national officer / technical lead,Often supervises staff/partners,"UN Common System or common-system-aligned grade code; actual categories used vary by agency and vacancy. National officer mappings are functional, not mobility/salary equivalent.",HIGH,official common-system / inferred P-equivalence
Pan American Health Organization,G-1,UN General Service,T1_ENTRY_SUPPORT,Local,Staff,G-1,0+ years,Routine support,None,UN Common System or common-system-aligned grade code; actual categories used vary by agency and vacancy. General Service is support/local; do not map directly to P grades.,HIGH,official common-system / same-category mapping
Pan American Health Organization,G-2,UN General Service,T1_ENTRY_SUPPORT,Local,Staff,G-2,2+ years,Basic clerical/operational support,None,UN Common System or common-system-aligned grade code; actual categories used vary by agency and vacancy. General Service is support/local; do not map directly to P grades.,HIGH,official common-system / same-category mapping
Pan American Health Organization,G-3,UN General Service,T1_ENTRY_SUPPORT,Local,Staff,G-3,3+ years,Administrative/operational support,None,UN Common System or common-system-aligned grade code; actual categories used vary by agency and vacancy. General Service is support/local; do not map directly to P grades.,HIGH,official common-system / same-category mapping
Pan American Health Organization,G-4,UN General Service,T2_JUNIOR_PROFESSIONAL,Local,Staff,G-4,4+ years,Experienced assistant / specialized support,Usually none,UN Common System or common-system-aligned grade code; actual categories used vary by agency and vacancy. General Service is support/local; do not map directly to P grades.,HIGH,official common-system / same-category mapping
Pan American Health Organization,G-5,UN General Service,T2_JUNIOR_PROFESSIONAL,Local,Staff,G-5,5+ years,Senior assistant / para-professional support,May coordinate support tasks,UN Common System or common-system-aligned grade code; actual categories used vary by agency and vacancy. General Service is support/local; do not map directly to P grades.,HIGH,official common-system / same-category mapping
Pan American Health Organization,G-6,UN General Service,T3_MID_PROFESSIONAL,Local,Staff,G-6,6+ years,Senior associate / complex support,May supervise support staff,UN Common System or common-system-aligned grade code; actual categories used vary by agency and vacancy. General Service is support/local; do not map directly to P grades.,HIGH,official common-system / same-category mapping
Pan American Health Organization,G-7,UN General Service,T3_MID_PROFESSIONAL,Local,Staff,G-7,7+ years,Highest local GS specialist/support lead,Often supervises support functions,UN Common System or common-system-aligned grade code; actual categories used vary by agency and vacancy. General Service is support/local; do not map directly to P grades.,HIGH,official common-system / same-category mapping
International Atomic Energy Agency,P-1,UN International Professional,T1_ENTRY_SUPPORT,International,Staff,P-1,0-2 years,Entry professional analysis under close supervision,Normally none,UN Common System or common-system-aligned grade code; actual categories used vary by agency and vacancy.,HIGH,official common-system / same-code mapping
International Atomic Energy Agency,P-2,UN International Professional,T2_JUNIOR_PROFESSIONAL,International,Staff,P-2,2-4 years,Junior professional/officer; defined portfolio,Normally none; may coordinate vendors/consultants,UN Common System or common-system-aligned grade code; actual categories used vary by agency and vacancy.,HIGH,official common-system / same-code mapping
International Atomic Energy Agency,P-3,UN International Professional,T3_MID_PROFESSIONAL,International,Staff,P-3,5-7 years,Independent professional ownership of workstream or project,May supervise junior staff/consultants,UN Common System or common-system-aligned grade code; actual categories used vary by agency and vacancy.,HIGH,official common-system / same-code mapping
International Atomic Energy Agency,P-4,UN International Professional,T4_SENIOR_PROFESSIONAL,International,Staff,P-4,7-10 years,"Senior specialist; complex programme, policy or technical leadership",Often supervises staff/consultants,UN Common System or common-system-aligned grade code; actual categories used vary by agency and vacancy.,HIGH,official common-system / same-code mapping
International Atomic Energy Agency,P-5,UN International Professional,T5_PRINCIPAL_MANAGER,International,Staff,P-5,10-15 years,Chief/principal specialist/section head,Frequently supervises teams and budgets,UN Common System or common-system-aligned grade code; actual categories used vary by agency and vacancy.,HIGH,official common-system / same-code mapping
International Atomic Energy Agency,D-1,UN Director,T6_DIRECTOR,International,Staff,D-1,15+ years,Director of division/large programme,Senior management responsibility,UN Common System or common-system-aligned grade code; actual categories used vary by agency and vacancy.,HIGH,official common-system / same-code mapping
International Atomic Energy Agency,D-2,UN Director,T6_DIRECTOR,International,Staff,D-2,15-20+ years,Senior director / head of major office,Institutional management responsibility,UN Common System or common-system-aligned grade code; actual categories used vary by agency and vacancy.,HIGH,official common-system / same-code mapping
International Atomic Energy Agency,NO-A,UN National Professional,T1_ENTRY_SUPPORT,National / Local,Staff,~P-1/P-2,0-2 years,Entry national professional requiring local/national expertise,Normally none,"UN Common System or common-system-aligned grade code; actual categories used vary by agency and vacancy. National officer mappings are functional, not mobility/salary equivalent.",HIGH,official common-system / inferred P-equivalence
International Atomic Energy Agency,NO-B,UN National Professional,T2_JUNIOR_PROFESSIONAL,National / Local,Staff,~P-2,2-4 years,National officer / junior professional,May coordinate local partners,"UN Common System or common-system-aligned grade code; actual categories used vary by agency and vacancy. National officer mappings are functional, not mobility/salary equivalent.",HIGH,official common-system / inferred P-equivalence
International Atomic Energy Agency,NO-C,UN National Professional,T3_MID_PROFESSIONAL,National / Local,Staff,~P-3,5-7 years,Experienced national professional managing workstreams,May supervise assistants/consultants,"UN Common System or common-system-aligned grade code; actual categories used vary by agency and vacancy. National officer mappings are functional, not mobility/salary equivalent.",HIGH,official common-system / inferred P-equivalence
International Atomic Energy Agency,NO-D,UN National Professional,T4_SENIOR_PROFESSIONAL,National / Local,Staff,~P-4,7-10+ years,Senior national officer / technical lead,Often supervises staff/partners,"UN Common System or common-system-aligned grade code; actual categories used vary by agency and vacancy. National officer mappings are functional, not mobility/salary equivalent.",HIGH,official common-system / inferred P-equivalence
International Atomic Energy Agency,G-1,UN General Service,T1_ENTRY_SUPPORT,Local,Staff,G-1,0+ years,Routine support,None,UN Common System or common-system-aligned grade code; actual categories used vary by agency and vacancy. General Service is support/local; do not map directly to P grades.,HIGH,official common-system / same-category mapping
International Atomic Energy Agency,G-2,UN General Service,T1_ENTRY_SUPPORT,Local,Staff,G-2,2+ years,Basic clerical/operational support,None,UN Common System or common-system-aligned grade code; actual categories used vary by agency and vacancy. General Service is support/local; do not map directly to P grades.,HIGH,official common-system / same-category mapping
International Atomic Energy Agency,G-3,UN General Service,T1_ENTRY_SUPPORT,Local,Staff,G-3,3+ years,Administrative/operational support,None,UN Common System or common-system-aligned grade code; actual categories used vary by agency and vacancy. General Service is support/local; do not map directly to P grades.,HIGH,official common-system / same-category mapping
International Atomic Energy Agency,G-4,UN General Service,T2_JUNIOR_PROFESSIONAL,Local,Staff,G-4,4+ years,Experienced assistant / specialized support,Usually none,UN Common System or common-system-aligned grade code; actual categories used vary by agency and vacancy. General Service is support/local; do not map directly to P grades.,HIGH,official common-system / same-category mapping
International Atomic Energy Agency,G-5,UN General Service,T2_JUNIOR_PROFESSIONAL,Local,Staff,G-5,5+ years,Senior assistant / para-professional support,May coordinate support tasks,UN Common System or common-system-aligned grade code; actual categories used vary by agency and vacancy. General Service is support/local; do not map directly to P grades.,HIGH,official common-system / same-category mapping
International Atomic Energy Agency,G-6,UN General Service,T3_MID_PROFESSIONAL,Local,Staff,G-6,6+ years,Senior associate / complex support,May supervise support staff,UN Common System or common-system-aligned grade code; actual categories used vary by agency and vacancy. General Service is support/local; do not map directly to P grades.,HIGH,official common-system / same-category mapping
International Atomic Energy Agency,G-7,UN General Service,T3_MID_PROFESSIONAL,Local,Staff,G-7,7+ years,Highest local GS specialist/support lead,Often supervises support functions,UN Common System or common-system-aligned grade code; actual categories used vary by agency and vacancy. General Service is support/local; do not map directly to P grades.,HIGH,official common-system / same-category mapping
International Civil Aviation Organization,P-1,UN International Professional,T1_ENTRY_SUPPORT,International,Staff,P-1,0-2 years,Entry professional analysis under close supervision,Normally none,UN Common System or common-system-aligned grade code; actual categories used vary by agency and vacancy.,HIGH,official common-system / same-code mapping
International Civil Aviation Organization,P-2,UN International Professional,T2_JUNIOR_PROFESSIONAL,International,Staff,P-2,2-4 years,Junior professional/officer; defined portfolio,Normally none; may coordinate vendors/consultants,UN Common System or common-system-aligned grade code; actual categories used vary by agency and vacancy.,HIGH,official common-system / same-code mapping
International Civil Aviation Organization,P-3,UN International Professional,T3_MID_PROFESSIONAL,International,Staff,P-3,5-7 years,Independent professional ownership of workstream or project,May supervise junior staff/consultants,UN Common System or common-system-aligned grade code; actual categories used vary by agency and vacancy.,HIGH,official common-system / same-code mapping
International Civil Aviation Organization,P-4,UN International Professional,T4_SENIOR_PROFESSIONAL,International,Staff,P-4,7-10 years,"Senior specialist; complex programme, policy or technical leadership",Often supervises staff/consultants,UN Common System or common-system-aligned grade code; actual categories used vary by agency and vacancy.,HIGH,official common-system / same-code mapping
International Civil Aviation Organization,P-5,UN International Professional,T5_PRINCIPAL_MANAGER,International,Staff,P-5,10-15 years,Chief/principal specialist/section head,Frequently supervises teams and budgets,UN Common System or common-system-aligned grade code; actual categories used vary by agency and vacancy.,HIGH,official common-system / same-code mapping
International Civil Aviation Organization,D-1,UN Director,T6_DIRECTOR,International,Staff,D-1,15+ years,Director of division/large programme,Senior management responsibility,UN Common System or common-system-aligned grade code; actual categories used vary by agency and vacancy.,HIGH,official common-system / same-code mapping
International Civil Aviation Organization,D-2,UN Director,T6_DIRECTOR,International,Staff,D-2,15-20+ years,Senior director / head of major office,Institutional management responsibility,UN Common System or common-system-aligned grade code; actual categories used vary by agency and vacancy.,HIGH,official common-system / same-code mapping
International Civil Aviation Organization,NO-A,UN National Professional,T1_ENTRY_SUPPORT,National / Local,Staff,~P-1/P-2,0-2 years,Entry national professional requiring local/national expertise,Normally none,"UN Common System or common-system-aligned grade code; actual categories used vary by agency and vacancy. National officer mappings are functional, not mobility/salary equivalent.",HIGH,official common-system / inferred P-equivalence
International Civil Aviation Organization,NO-B,UN National Professional,T2_JUNIOR_PROFESSIONAL,National / Local,Staff,~P-2,2-4 years,National officer / junior professional,May coordinate local partners,"UN Common System or common-system-aligned grade code; actual categories used vary by agency and vacancy. National officer mappings are functional, not mobility/salary equivalent.",HIGH,official common-system / inferred P-equivalence
International Civil Aviation Organization,NO-C,UN National Professional,T3_MID_PROFESSIONAL,National / Local,Staff,~P-3,5-7 years,Experienced national professional managing workstreams,May supervise assistants/consultants,"UN Common System or common-system-aligned grade code; actual categories used vary by agency and vacancy. National officer mappings are functional, not mobility/salary equivalent.",HIGH,official common-system / inferred P-equivalence
International Civil Aviation Organization,NO-D,UN National Professional,T4_SENIOR_PROFESSIONAL,National / Local,Staff,~P-4,7-10+ years,Senior national officer / technical lead,Often supervises staff/partners,"UN Common System or common-system-aligned grade code; actual categories used vary by agency and vacancy. National officer mappings are functional, not mobility/salary equivalent.",HIGH,official common-system / inferred P-equivalence
International Civil Aviation Organization,G-1,UN General Service,T1_ENTRY_SUPPORT,Local,Staff,G-1,0+ years,Routine support,None,UN Common System or common-system-aligned grade code; actual categories used vary by agency and vacancy. General Service is support/local; do not map directly to P grades.,HIGH,official common-system / same-category mapping
International Civil Aviation Organization,G-2,UN General Service,T1_ENTRY_SUPPORT,Local,Staff,G-2,2+ years,Basic clerical/operational support,None,UN Common System or common-system-aligned grade code; actual categories used vary by agency and vacancy. General Service is support/local; do not map directly to P grades.,HIGH,official common-system / same-category mapping
International Civil Aviation Organization,G-3,UN General Service,T1_ENTRY_SUPPORT,Local,Staff,G-3,3+ years,Administrative/operational support,None,UN Common System or common-system-aligned grade code; actual categories used vary by agency and vacancy. General Service is support/local; do not map directly to P grades.,HIGH,official common-system / same-category mapping
International Civil Aviation Organization,G-4,UN General Service,T2_JUNIOR_PROFESSIONAL,Local,Staff,G-4,4+ years,Experienced assistant / specialized support,Usually none,UN Common System or common-system-aligned grade code; actual categories used vary by agency and vacancy. General Service is support/local; do not map directly to P grades.,HIGH,official common-system / same-category mapping
International Civil Aviation Organization,G-5,UN General Service,T2_JUNIOR_PROFESSIONAL,Local,Staff,G-5,5+ years,Senior assistant / para-professional support,May coordinate support tasks,UN Common System or common-system-aligned grade code; actual categories used vary by agency and vacancy. General Service is support/local; do not map directly to P grades.,HIGH,official common-system / same-category mapping
International Civil Aviation Organization,G-6,UN General Service,T3_MID_PROFESSIONAL,Local,Staff,G-6,6+ years,Senior associate / complex support,May supervise support staff,UN Common System or common-system-aligned grade code; actual categories used vary by agency and vacancy. General Service is support/local; do not map directly to P grades.,HIGH,official common-system / same-category mapping
International Civil Aviation Organization,G-7,UN General Service,T3_MID_PROFESSIONAL,Local,Staff,G-7,7+ years,Highest local GS specialist/support lead,Often supervises support functions,UN Common System or common-system-aligned grade code; actual categories used vary by agency and vacancy. General Service is support/local; do not map directly to P grades.,HIGH,official common-system / same-category mapping
International Labour Organization,P-1,UN International Professional,T1_ENTRY_SUPPORT,International,Staff,P-1,0-2 years,Entry professional analysis under close supervision,Normally none,UN Common System or common-system-aligned grade code; actual categories used vary by agency and vacancy.,HIGH,official common-system / same-code mapping
International Labour Organization,P-2,UN International Professional,T2_JUNIOR_PROFESSIONAL,International,Staff,P-2,2-4 years,Junior professional/officer; defined portfolio,Normally none; may coordinate vendors/consultants,UN Common System or common-system-aligned grade code; actual categories used vary by agency and vacancy.,HIGH,official common-system / same-code mapping
International Labour Organization,P-3,UN International Professional,T3_MID_PROFESSIONAL,International,Staff,P-3,5-7 years,Independent professional ownership of workstream or project,May supervise junior staff/consultants,UN Common System or common-system-aligned grade code; actual categories used vary by agency and vacancy.,HIGH,official common-system / same-code mapping
International Labour Organization,P-4,UN International Professional,T4_SENIOR_PROFESSIONAL,International,Staff,P-4,7-10 years,"Senior specialist; complex programme, policy or technical leadership",Often supervises staff/consultants,UN Common System or common-system-aligned grade code; actual categories used vary by agency and vacancy.,HIGH,official common-system / same-code mapping
International Labour Organization,P-5,UN International Professional,T5_PRINCIPAL_MANAGER,International,Staff,P-5,10-15 years,Chief/principal specialist/section head,Frequently supervises teams and budgets,UN Common System or common-system-aligned grade code; actual categories used vary by agency and vacancy.,HIGH,official common-system / same-code mapping
International Labour Organization,D-1,UN Director,T6_DIRECTOR,International,Staff,D-1,15+ years,Director of division/large programme,Senior management responsibility,UN Common System or common-system-aligned grade code; actual categories used vary by agency and vacancy.,HIGH,official common-system / same-code mapping
International Labour Organization,D-2,UN Director,T6_DIRECTOR,International,Staff,D-2,15-20+ years,Senior director / head of major office,Institutional management responsibility,UN Common System or common-system-aligned grade code; actual categories used vary by agency and vacancy.,HIGH,official common-system / same-code mapping
International Labour Organization,NO-A,UN National Professional,T1_ENTRY_SUPPORT,National / Local,Staff,~P-1/P-2,0-2 years,Entry national professional requiring local/national expertise,Normally none,"UN Common System or common-system-aligned grade code; actual categories used vary by agency and vacancy. National officer mappings are functional, not mobility/salary equivalent.",HIGH,official common-system / inferred P-equivalence
International Labour Organization,NO-B,UN National Professional,T2_JUNIOR_PROFESSIONAL,National / Local,Staff,~P-2,2-4 years,National officer / junior professional,May coordinate local partners,"UN Common System or common-system-aligned grade code; actual categories used vary by agency and vacancy. National officer mappings are functional, not mobility/salary equivalent.",HIGH,official common-system / inferred P-equivalence
International Labour Organization,NO-C,UN National Professional,T3_MID_PROFESSIONAL,National / Local,Staff,~P-3,5-7 years,Experienced national professional managing workstreams,May supervise assistants/consultants,"UN Common System or common-system-aligned grade code; actual categories used vary by agency and vacancy. National officer mappings are functional, not mobility/salary equivalent.",HIGH,official common-system / inferred P-equivalence
International Labour Organization,NO-D,UN National Professional,T4_SENIOR_PROFESSIONAL,National / Local,Staff,~P-4,7-10+ years,Senior national officer / technical lead,Often supervises staff/partners,"UN Common System or common-system-aligned grade code; actual categories used vary by agency and vacancy. National officer mappings are functional, not mobility/salary equivalent.",HIGH,official common-system / inferred P-equivalence
International Labour Organization,G-1,UN General Service,T1_ENTRY_SUPPORT,Local,Staff,G-1,0+ years,Routine support,None,UN Common System or common-system-aligned grade code; actual categories used vary by agency and vacancy. General Service is support/local; do not map directly to P grades.,HIGH,official common-system / same-category mapping
International Labour Organization,G-2,UN General Service,T1_ENTRY_SUPPORT,Local,Staff,G-2,2+ years,Basic clerical/operational support,None,UN Common System or common-system-aligned grade code; actual categories used vary by agency and vacancy. General Service is support/local; do not map directly to P grades.,HIGH,official common-system / same-category mapping
International Labour Organization,G-3,UN General Service,T1_ENTRY_SUPPORT,Local,Staff,G-3,3+ years,Administrative/operational support,None,UN Common System or common-system-aligned grade code; actual categories used vary by agency and vacancy. General Service is support/local; do not map directly to P grades.,HIGH,official common-system / same-category mapping
International Labour Organization,G-4,UN General Service,T2_JUNIOR_PROFESSIONAL,Local,Staff,G-4,4+ years,Experienced assistant / specialized support,Usually none,UN Common System or common-system-aligned grade code; actual categories used vary by agency and vacancy. General Service is support/local; do not map directly to P grades.,HIGH,official common-system / same-category mapping
International Labour Organization,G-5,UN General Service,T2_JUNIOR_PROFESSIONAL,Local,Staff,G-5,5+ years,Senior assistant / para-professional support,May coordinate support tasks,UN Common System or common-system-aligned grade code; actual categories used vary by agency and vacancy. General Service is support/local; do not map directly to P grades.,HIGH,official common-system / same-category mapping
International Labour Organization,G-6,UN General Service,T3_MID_PROFESSIONAL,Local,Staff,G-6,6+ years,Senior associate / complex support,May supervise support staff,UN Common System or common-system-aligned grade code; actual categories used vary by agency and vacancy. General Service is support/local; do not map directly to P grades.,HIGH,official common-system / same-category mapping
International Labour Organization,G-7,UN General Service,T3_MID_PROFESSIONAL,Local,Staff,G-7,7+ years,Highest local GS specialist/support lead,Often supervises support functions,UN Common System or common-system-aligned grade code; actual categories used vary by agency and vacancy. General Service is support/local; do not map directly to P grades.,HIGH,official common-system / same-category mapping
International Telecommunication Union,P-1,UN International Professional,T1_ENTRY_SUPPORT,International,Staff,P-1,0-2 years,Entry professional analysis under close supervision,Normally none,UN Common System or common-system-aligned grade code; actual categories used vary by agency and vacancy.,HIGH,official common-system / same-code mapping
International Telecommunication Union,P-2,UN International Professional,T2_JUNIOR_PROFESSIONAL,International,Staff,P-2,2-4 years,Junior professional/officer; defined portfolio,Normally none; may coordinate vendors/consultants,UN Common System or common-system-aligned grade code; actual categories used vary by agency and vacancy.,HIGH,official common-system / same-code mapping
International Telecommunication Union,P-3,UN International Professional,T3_MID_PROFESSIONAL,International,Staff,P-3,5-7 years,Independent professional ownership of workstream or project,May supervise junior staff/consultants,UN Common System or common-system-aligned grade code; actual categories used vary by agency and vacancy.,HIGH,official common-system / same-code mapping
International Telecommunication Union,P-4,UN International Professional,T4_SENIOR_PROFESSIONAL,International,Staff,P-4,7-10 years,"Senior specialist; complex programme, policy or technical leadership",Often supervises staff/consultants,UN Common System or common-system-aligned grade code; actual categories used vary by agency and vacancy.,HIGH,official common-system / same-code mapping
International Telecommunication Union,P-5,UN International Professional,T5_PRINCIPAL_MANAGER,International,Staff,P-5,10-15 years,Chief/principal specialist/section head,Frequently supervises teams and budgets,UN Common System or common-system-aligned grade code; actual categories used vary by agency and vacancy.,HIGH,official common-system / same-code mapping
International Telecommunication Union,D-1,UN Director,T6_DIRECTOR,International,Staff,D-1,15+ years,Director of division/large programme,Senior management responsibility,UN Common System or common-system-aligned grade code; actual categories used vary by agency and vacancy.,HIGH,official common-system / same-code mapping
International Telecommunication Union,D-2,UN Director,T6_DIRECTOR,International,Staff,D-2,15-20+ years,Senior director / head of major office,Institutional management responsibility,UN Common System or common-system-aligned grade code; actual categories used vary by agency and vacancy.,HIGH,official common-system / same-code mapping
International Telecommunication Union,NO-A,UN National Professional,T1_ENTRY_SUPPORT,National / Local,Staff,~P-1/P-2,0-2 years,Entry national professional requiring local/national expertise,Normally none,"UN Common System or common-system-aligned grade code; actual categories used vary by agency and vacancy. National officer mappings are functional, not mobility/salary equivalent.",HIGH,official common-system / inferred P-equivalence
International Telecommunication Union,NO-B,UN National Professional,T2_JUNIOR_PROFESSIONAL,National / Local,Staff,~P-2,2-4 years,National officer / junior professional,May coordinate local partners,"UN Common System or common-system-aligned grade code; actual categories used vary by agency and vacancy. National officer mappings are functional, not mobility/salary equivalent.",HIGH,official common-system / inferred P-equivalence
International Telecommunication Union,NO-C,UN National Professional,T3_MID_PROFESSIONAL,National / Local,Staff,~P-3,5-7 years,Experienced national professional managing workstreams,May supervise assistants/consultants,"UN Common System or common-system-aligned grade code; actual categories used vary by agency and vacancy. National officer mappings are functional, not mobility/salary equivalent.",HIGH,official common-system / inferred P-equivalence
International Telecommunication Union,NO-D,UN National Professional,T4_SENIOR_PROFESSIONAL,National / Local,Staff,~P-4,7-10+ years,Senior national officer / technical lead,Often supervises staff/partners,"UN Common System or common-system-aligned grade code; actual categories used vary by agency and vacancy. National officer mappings are functional, not mobility/salary equivalent.",HIGH,official common-system / inferred P-equivalence
International Telecommunication Union,G-1,UN General Service,T1_ENTRY_SUPPORT,Local,Staff,G-1,0+ years,Routine support,None,UN Common System or common-system-aligned grade code; actual categories used vary by agency and vacancy. General Service is support/local; do not map directly to P grades.,HIGH,official common-system / same-category mapping
International Telecommunication Union,G-2,UN General Service,T1_ENTRY_SUPPORT,Local,Staff,G-2,2+ years,Basic clerical/operational support,None,UN Common System or common-system-aligned grade code; actual categories used vary by agency and vacancy. General Service is support/local; do not map directly to P grades.,HIGH,official common-system / same-category mapping
International Telecommunication Union,G-3,UN General Service,T1_ENTRY_SUPPORT,Local,Staff,G-3,3+ years,Administrative/operational support,None,UN Common System or common-system-aligned grade code; actual categories used vary by agency and vacancy. General Service is support/local; do not map directly to P grades.,HIGH,official common-system / same-category mapping
International Telecommunication Union,G-4,UN General Service,T2_JUNIOR_PROFESSIONAL,Local,Staff,G-4,4+ years,Experienced assistant / specialized support,Usually none,UN Common System or common-system-aligned grade code; actual categories used vary by agency and vacancy. General Service is support/local; do not map directly to P grades.,HIGH,official common-system / same-category mapping
International Telecommunication Union,G-5,UN General Service,T2_JUNIOR_PROFESSIONAL,Local,Staff,G-5,5+ years,Senior assistant / para-professional support,May coordinate support tasks,UN Common System or common-system-aligned grade code; actual categories used vary by agency and vacancy. General Service is support/local; do not map directly to P grades.,HIGH,official common-system / same-category mapping
International Telecommunication Union,G-6,UN General Service,T3_MID_PROFESSIONAL,Local,Staff,G-6,6+ years,Senior associate / complex support,May supervise support staff,UN Common System or common-system-aligned grade code; actual categories used vary by agency and vacancy. General Service is support/local; do not map directly to P grades.,HIGH,official common-system / same-category mapping
International Telecommunication Union,G-7,UN General Service,T3_MID_PROFESSIONAL,Local,Staff,G-7,7+ years,Highest local GS specialist/support lead,Often supervises support functions,UN Common System or common-system-aligned grade code; actual categories used vary by agency and vacancy. General Service is support/local; do not map directly to P grades.,HIGH,official common-system / same-category mapping
UNESCO,P-1,UN International Professional,T1_ENTRY_SUPPORT,International,Staff,P-1,0-2 years,Entry professional analysis under close supervision,Normally none,UN Common System or common-system-aligned grade code; actual categories used vary by agency and vacancy.,HIGH,official common-system / same-code mapping
UNESCO,P-2,UN International Professional,T2_JUNIOR_PROFESSIONAL,International,Staff,P-2,2-4 years,Junior professional/officer; defined portfolio,Normally none; may coordinate vendors/consultants,UN Common System or common-system-aligned grade code; actual categories used vary by agency and vacancy.,HIGH,official common-system / same-code mapping
UNESCO,P-3,UN International Professional,T3_MID_PROFESSIONAL,International,Staff,P-3,5-7 years,Independent professional ownership of workstream or project,May supervise junior staff/consultants,UN Common System or common-system-aligned grade code; actual categories used vary by agency and vacancy.,HIGH,official common-system / same-code mapping
UNESCO,P-4,UN International Professional,T4_SENIOR_PROFESSIONAL,International,Staff,P-4,7-10 years,"Senior specialist; complex programme, policy or technical leadership",Often supervises staff/consultants,UN Common System or common-system-aligned grade code; actual categories used vary by agency and vacancy.,HIGH,official common-system / same-code mapping
UNESCO,P-5,UN International Professional,T5_PRINCIPAL_MANAGER,International,Staff,P-5,10-15 years,Chief/principal specialist/section head,Frequently supervises teams and budgets,UN Common System or common-system-aligned grade code; actual categories used vary by agency and vacancy.,HIGH,official common-system / same-code mapping
UNESCO,D-1,UN Director,T6_DIRECTOR,International,Staff,D-1,15+ years,Director of division/large programme,Senior management responsibility,UN Common System or common-system-aligned grade code; actual categories used vary by agency and vacancy.,HIGH,official common-system / same-code mapping
UNESCO,D-2,UN Director,T6_DIRECTOR,International,Staff,D-2,15-20+ years,Senior director / head of major office,Institutional management responsibility,UN Common System or common-system-aligned grade code; actual categories used vary by agency and vacancy.,HIGH,official common-system / same-code mapping
UNESCO,NO-A,UN National Professional,T1_ENTRY_SUPPORT,National / Local,Staff,~P-1/P-2,0-2 years,Entry national professional requiring local/national expertise,Normally none,"UN Common System or common-system-aligned grade code; actual categories used vary by agency and vacancy. National officer mappings are functional, not mobility/salary equivalent.",HIGH,official common-system / inferred P-equivalence
UNESCO,NO-B,UN National Professional,T2_JUNIOR_PROFESSIONAL,National / Local,Staff,~P-2,2-4 years,National officer / junior professional,May coordinate local partners,"UN Common System or common-system-aligned grade code; actual categories used vary by agency and vacancy. National officer mappings are functional, not mobility/salary equivalent.",HIGH,official common-system / inferred P-equivalence
UNESCO,NO-C,UN National Professional,T3_MID_PROFESSIONAL,National / Local,Staff,~P-3,5-7 years,Experienced national professional managing workstreams,May supervise assistants/consultants,"UN Common System or common-system-aligned grade code; actual categories used vary by agency and vacancy. National officer mappings are functional, not mobility/salary equivalent.",HIGH,official common-system / inferred P-equivalence
UNESCO,NO-D,UN National Professional,T4_SENIOR_PROFESSIONAL,National / Local,Staff,~P-4,7-10+ years,Senior national officer / technical lead,Often supervises staff/partners,"UN Common System or common-system-aligned grade code; actual categories used vary by agency and vacancy. National officer mappings are functional, not mobility/salary equivalent.",HIGH,official common-system / inferred P-equivalence
UNESCO,G-1,UN General Service,T1_ENTRY_SUPPORT,Local,Staff,G-1,0+ years,Routine support,None,UN Common System or common-system-aligned grade code; actual categories used vary by agency and vacancy. General Service is support/local; do not map directly to P grades.,HIGH,official common-system / same-category mapping
UNESCO,G-2,UN General Service,T1_ENTRY_SUPPORT,Local,Staff,G-2,2+ years,Basic clerical/operational support,None,UN Common System or common-system-aligned grade code; actual categories used vary by agency and vacancy. General Service is support/local; do not map directly to P grades.,HIGH,official common-system / same-category mapping
UNESCO,G-3,UN General Service,T1_ENTRY_SUPPORT,Local,Staff,G-3,3+ years,Administrative/operational support,None,UN Common System or common-system-aligned grade code; actual categories used vary by agency and vacancy. General Service is support/local; do not map directly to P grades.,HIGH,official common-system / same-category mapping
UNESCO,G-4,UN General Service,T2_JUNIOR_PROFESSIONAL,Local,Staff,G-4,4+ years,Experienced assistant / specialized support,Usually none,UN Common System or common-system-aligned grade code; actual categories used vary by agency and vacancy. General Service is support/local; do not map directly to P grades.,HIGH,official common-system / same-category mapping
UNESCO,G-5,UN General Service,T2_JUNIOR_PROFESSIONAL,Local,Staff,G-5,5+ years,Senior assistant / para-professional support,May coordinate support tasks,UN Common System or common-system-aligned grade code; actual categories used vary by agency and vacancy. General Service is support/local; do not map directly to P grades.,HIGH,official common-system / same-category mapping
UNESCO,G-6,UN General Service,T3_MID_PROFESSIONAL,Local,Staff,G-6,6+ years,Senior associate / complex support,May supervise support staff,UN Common System or common-system-aligned grade code; actual categories used vary by agency and vacancy. General Service is support/local; do not map directly to P grades.,HIGH,official common-system / same-category mapping
UNESCO,G-7,UN General Service,T3_MID_PROFESSIONAL,Local,Staff,G-7,7+ years,Highest local GS specialist/support lead,Often supervises support functions,UN Common System or common-system-aligned grade code; actual categories used vary by agency and vacancy. General Service is support/local; do not map directly to P grades.,HIGH,official common-system / same-category mapping
UNIDO,P-1,UN International Professional,T1_ENTRY_SUPPORT,International,Staff,P-1,0-2 years,Entry professional analysis under close supervision,Normally none,UN Common System or common-system-aligned grade code; actual categories used vary by agency and vacancy.,HIGH,official common-system / same-code mapping
UNIDO,P-2,UN International Professional,T2_JUNIOR_PROFESSIONAL,International,Staff,P-2,2-4 years,Junior professional/officer; defined portfolio,Normally none; may coordinate vendors/consultants,UN Common System or common-system-aligned grade code; actual categories used vary by agency and vacancy.,HIGH,official common-system / same-code mapping
UNIDO,P-3,UN International Professional,T3_MID_PROFESSIONAL,International,Staff,P-3,5-7 years,Independent professional ownership of workstream or project,May supervise junior staff/consultants,UN Common System or common-system-aligned grade code; actual categories used vary by agency and vacancy.,HIGH,official common-system / same-code mapping
UNIDO,P-4,UN International Professional,T4_SENIOR_PROFESSIONAL,International,Staff,P-4,7-10 years,"Senior specialist; complex programme, policy or technical leadership",Often supervises staff/consultants,UN Common System or common-system-aligned grade code; actual categories used vary by agency and vacancy.,HIGH,official common-system / same-code mapping
UNIDO,P-5,UN International Professional,T5_PRINCIPAL_MANAGER,International,Staff,P-5,10-15 years,Chief/principal specialist/section head,Frequently supervises teams and budgets,UN Common System or common-system-aligned grade code; actual categories used vary by agency and vacancy.,HIGH,official common-system / same-code mapping
UNIDO,D-1,UN Director,T6_DIRECTOR,International,Staff,D-1,15+ years,Director of division/large programme,Senior management responsibility,UN Common System or common-system-aligned grade code; actual categories used vary by agency and vacancy.,HIGH,official common-system / same-code mapping
UNIDO,D-2,UN Director,T6_DIRECTOR,International,Staff,D-2,15-20+ years,Senior director / head of major office,Institutional management responsibility,UN Common System or common-system-aligned grade code; actual categories used vary by agency and vacancy.,HIGH,official common-system / same-code mapping
UNIDO,NO-A,UN National Professional,T1_ENTRY_SUPPORT,National / Local,Staff,~P-1/P-2,0-2 years,Entry national professional requiring local/national expertise,Normally none,"UN Common System or common-system-aligned grade code; actual categories used vary by agency and vacancy. National officer mappings are functional, not mobility/salary equivalent.",HIGH,official common-system / inferred P-equivalence
UNIDO,NO-B,UN National Professional,T2_JUNIOR_PROFESSIONAL,National / Local,Staff,~P-2,2-4 years,National officer / junior professional,May coordinate local partners,"UN Common System or common-system-aligned grade code; actual categories used vary by agency and vacancy. National officer mappings are functional, not mobility/salary equivalent.",HIGH,official common-system / inferred P-equivalence
UNIDO,NO-C,UN National Professional,T3_MID_PROFESSIONAL,National / Local,Staff,~P-3,5-7 years,Experienced national professional managing workstreams,May supervise assistants/consultants,"UN Common System or common-system-aligned grade code; actual categories used vary by agency and vacancy. National officer mappings are functional, not mobility/salary equivalent.",HIGH,official common-system / inferred P-equivalence
UNIDO,NO-D,UN National Professional,T4_SENIOR_PROFESSIONAL,National / Local,Staff,~P-4,7-10+ years,Senior national officer / technical lead,Often supervises staff/partners,"UN Common System or common-system-aligned grade code; actual categories used vary by agency and vacancy. National officer mappings are functional, not mobility/salary equivalent.",HIGH,official common-system / inferred P-equivalence
UNIDO,G-1,UN General Service,T1_ENTRY_SUPPORT,Local,Staff,G-1,0+ years,Routine support,None,UN Common System or common-system-aligned grade code; actual categories used vary by agency and vacancy. General Service is support/local; do not map directly to P grades.,HIGH,official common-system / same-category mapping
UNIDO,G-2,UN General Service,T1_ENTRY_SUPPORT,Local,Staff,G-2,2+ years,Basic clerical/operational support,None,UN Common System or common-system-aligned grade code; actual categories used vary by agency and vacancy. General Service is support/local; do not map directly to P grades.,HIGH,official common-system / same-category mapping
UNIDO,G-3,UN General Service,T1_ENTRY_SUPPORT,Local,Staff,G-3,3+ years,Administrative/operational support,None,UN Common System or common-system-aligned grade code; actual categories used vary by agency and vacancy. General Service is support/local; do not map directly to P grades.,HIGH,official common-system / same-category mapping
UNIDO,G-4,UN General Service,T2_JUNIOR_PROFESSIONAL,Local,Staff,G-4,4+ years,Experienced assistant / specialized support,Usually none,UN Common System or common-system-aligned grade code; actual categories used vary by agency and vacancy. General Service is support/local; do not map directly to P grades.,HIGH,official common-system / same-category mapping
UNIDO,G-5,UN General Service,T2_JUNIOR_PROFESSIONAL,Local,Staff,G-5,5+ years,Senior assistant / para-professional support,May coordinate support tasks,UN Common System or common-system-aligned grade code; actual categories used vary by agency and vacancy. General Service is support/local; do not map directly to P grades.,HIGH,official common-system / same-category mapping
UNIDO,G-6,UN General Service,T3_MID_PROFESSIONAL,Local,Staff,G-6,6+ years,Senior associate / complex support,May supervise support staff,UN Common System or common-system-aligned grade code; actual categories used vary by agency and vacancy. General Service is support/local; do not map directly to P grades.,HIGH,official common-system / same-category mapping
UNIDO,G-7,UN General Service,T3_MID_PROFESSIONAL,Local,Staff,G-7,7+ years,Highest local GS specialist/support lead,Often supervises support functions,UN Common System or common-system-aligned grade code; actual categories used vary by agency and vacancy. General Service is support/local; do not map directly to P grades.,HIGH,official common-system / same-category mapping
World Intellectual Property Organization,P-1,UN International Professional,T1_ENTRY_SUPPORT,International,Staff,P-1,0-2 years,Entry professional analysis under close supervision,Normally none,UN Common System or common-system-aligned grade code; actual categories used vary by agency and vacancy.,HIGH,official common-system / same-code mapping
World Intellectual Property Organization,P-2,UN International Professional,T2_JUNIOR_PROFESSIONAL,International,Staff,P-2,2-4 years,Junior professional/officer; defined portfolio,Normally none; may coordinate vendors/consultants,UN Common System or common-system-aligned grade code; actual categories used vary by agency and vacancy.,HIGH,official common-system / same-code mapping
World Intellectual Property Organization,P-3,UN International Professional,T3_MID_PROFESSIONAL,International,Staff,P-3,5-7 years,Independent professional ownership of workstream or project,May supervise junior staff/consultants,UN Common System or common-system-aligned grade code; actual categories used vary by agency and vacancy.,HIGH,official common-system / same-code mapping
World Intellectual Property Organization,P-4,UN International Professional,T4_SENIOR_PROFESSIONAL,International,Staff,P-4,7-10 years,"Senior specialist; complex programme, policy or technical leadership",Often supervises staff/consultants,UN Common System or common-system-aligned grade code; actual categories used vary by agency and vacancy.,HIGH,official common-system / same-code mapping
World Intellectual Property Organization,P-5,UN International Professional,T5_PRINCIPAL_MANAGER,International,Staff,P-5,10-15 years,Chief/principal specialist/section head,Frequently supervises teams and budgets,UN Common System or common-system-aligned grade code; actual categories used vary by agency and vacancy.,HIGH,official common-system / same-code mapping
World Intellectual Property Organization,D-1,UN Director,T6_DIRECTOR,International,Staff,D-1,15+ years,Director of division/large programme,Senior management responsibility,UN Common System or common-system-aligned grade code; actual categories used vary by agency and vacancy.,HIGH,official common-system / same-code mapping
World Intellectual Property Organization,D-2,UN Director,T6_DIRECTOR,International,Staff,D-2,15-20+ years,Senior director / head of major office,Institutional management responsibility,UN Common System or common-system-aligned grade code; actual categories used vary by agency and vacancy.,HIGH,official common-system / same-code mapping
World Intellectual Property Organization,NO-A,UN National Professional,T1_ENTRY_SUPPORT,National / Local,Staff,~P-1/P-2,0-2 years,Entry national professional requiring local/national expertise,Normally none,"UN Common System or common-system-aligned grade code; actual categories used vary by agency and vacancy. National officer mappings are functional, not mobility/salary equivalent.",HIGH,official common-system / inferred P-equivalence
World Intellectual Property Organization,NO-B,UN National Professional,T2_JUNIOR_PROFESSIONAL,National / Local,Staff,~P-2,2-4 years,National officer / junior professional,May coordinate local partners,"UN Common System or common-system-aligned grade code; actual categories used vary by agency and vacancy. National officer mappings are functional, not mobility/salary equivalent.",HIGH,official common-system / inferred P-equivalence
World Intellectual Property Organization,NO-C,UN National Professional,T3_MID_PROFESSIONAL,National / Local,Staff,~P-3,5-7 years,Experienced national professional managing workstreams,May supervise assistants/consultants,"UN Common System or common-system-aligned grade code; actual categories used vary by agency and vacancy. National officer mappings are functional, not mobility/salary equivalent.",HIGH,official common-system / inferred P-equivalence
World Intellectual Property Organization,NO-D,UN National Professional,T4_SENIOR_PROFESSIONAL,National / Local,Staff,~P-4,7-10+ years,Senior national officer / technical lead,Often supervises staff/partners,"UN Common System or common-system-aligned grade code; actual categories used vary by agency and vacancy. National officer mappings are functional, not mobility/salary equivalent.",HIGH,official common-system / inferred P-equivalence
World Intellectual Property Organization,G-1,UN General Service,T1_ENTRY_SUPPORT,Local,Staff,G-1,0+ years,Routine support,None,UN Common System or common-system-aligned grade code; actual categories used vary by agency and vacancy. General Service is support/local; do not map directly to P grades.,HIGH,official common-system / same-category mapping
World Intellectual Property Organization,G-2,UN General Service,T1_ENTRY_SUPPORT,Local,Staff,G-2,2+ years,Basic clerical/operational support,None,UN Common System or common-system-aligned grade code; actual categories used vary by agency and vacancy. General Service is support/local; do not map directly to P grades.,HIGH,official common-system / same-category mapping
World Intellectual Property Organization,G-3,UN General Service,T1_ENTRY_SUPPORT,Local,Staff,G-3,3+ years,Administrative/operational support,None,UN Common System or common-system-aligned grade code; actual categories used vary by agency and vacancy. General Service is support/local; do not map directly to P grades.,HIGH,official common-system / same-category mapping
World Intellectual Property Organization,G-4,UN General Service,T2_JUNIOR_PROFESSIONAL,Local,Staff,G-4,4+ years,Experienced assistant / specialized support,Usually none,UN Common System or common-system-aligned grade code; actual categories used vary by agency and vacancy. General Service is support/local; do not map directly to P grades.,HIGH,official common-system / same-category mapping
World Intellectual Property Organization,G-5,UN General Service,T2_JUNIOR_PROFESSIONAL,Local,Staff,G-5,5+ years,Senior assistant / para-professional support,May coordinate support tasks,UN Common System or common-system-aligned grade code; actual categories used vary by agency and vacancy. General Service is support/local; do not map directly to P grades.,HIGH,official common-system / same-category mapping
World Intellectual Property Organization,G-6,UN General Service,T3_MID_PROFESSIONAL,Local,Staff,G-6,6+ years,Senior associate / complex support,May supervise support staff,UN Common System or common-system-aligned grade code; actual categories used vary by agency and vacancy. General Service is support/local; do not map directly to P grades.,HIGH,official common-system / same-category mapping
World Intellectual Property Organization,G-7,UN General Service,T3_MID_PROFESSIONAL,Local,Staff,G-7,7+ years,Highest local GS specialist/support lead,Often supervises support functions,UN Common System or common-system-aligned grade code; actual categories used vary by agency and vacancy. General Service is support/local; do not map directly to P grades.,HIGH,official common-system / same-category mapping
World Meteorological Organization,P-1,UN International Professional,T1_ENTRY_SUPPORT,International,Staff,P-1,0-2 years,Entry professional analysis under close supervision,Normally none,UN Common System or common-system-aligned grade code; actual categories used vary by agency and vacancy.,HIGH,official common-system / same-code mapping
World Meteorological Organization,P-2,UN International Professional,T2_JUNIOR_PROFESSIONAL,International,Staff,P-2,2-4 years,Junior professional/officer; defined portfolio,Normally none; may coordinate vendors/consultants,UN Common System or common-system-aligned grade code; actual categories used vary by agency and vacancy.,HIGH,official common-system / same-code mapping
World Meteorological Organization,P-3,UN International Professional,T3_MID_PROFESSIONAL,International,Staff,P-3,5-7 years,Independent professional ownership of workstream or project,May supervise junior staff/consultants,UN Common System or common-system-aligned grade code; actual categories used vary by agency and vacancy.,HIGH,official common-system / same-code mapping
World Meteorological Organization,P-4,UN International Professional,T4_SENIOR_PROFESSIONAL,International,Staff,P-4,7-10 years,"Senior specialist; complex programme, policy or technical leadership",Often supervises staff/consultants,UN Common System or common-system-aligned grade code; actual categories used vary by agency and vacancy.,HIGH,official common-system / same-code mapping
World Meteorological Organization,P-5,UN International Professional,T5_PRINCIPAL_MANAGER,International,Staff,P-5,10-15 years,Chief/principal specialist/section head,Frequently supervises teams and budgets,UN Common System or common-system-aligned grade code; actual categories used vary by agency and vacancy.,HIGH,official common-system / same-code mapping
World Meteorological Organization,D-1,UN Director,T6_DIRECTOR,International,Staff,D-1,15+ years,Director of division/large programme,Senior management responsibility,UN Common System or common-system-aligned grade code; actual categories used vary by agency and vacancy.,HIGH,official common-system / same-code mapping
World Meteorological Organization,D-2,UN Director,T6_DIRECTOR,International,Staff,D-2,15-20+ years,Senior director / head of major office,Institutional management responsibility,UN Common System or common-system-aligned grade code; actual categories used vary by agency and vacancy.,HIGH,official common-system / same-code mapping
World Meteorological Organization,NO-A,UN National Professional,T1_ENTRY_SUPPORT,National / Local,Staff,~P-1/P-2,0-2 years,Entry national professional requiring local/national expertise,Normally none,"UN Common System or common-system-aligned grade code; actual categories used vary by agency and vacancy. National officer mappings are functional, not mobility/salary equivalent.",HIGH,official common-system / inferred P-equivalence
World Meteorological Organization,NO-B,UN National Professional,T2_JUNIOR_PROFESSIONAL,National / Local,Staff,~P-2,2-4 years,National officer / junior professional,May coordinate local partners,"UN Common System or common-system-aligned grade code; actual categories used vary by agency and vacancy. National officer mappings are functional, not mobility/salary equivalent.",HIGH,official common-system / inferred P-equivalence
World Meteorological Organization,NO-C,UN National Professional,T3_MID_PROFESSIONAL,National / Local,Staff,~P-3,5-7 years,Experienced national professional managing workstreams,May supervise assistants/consultants,"UN Common System or common-system-aligned grade code; actual categories used vary by agency and vacancy. National officer mappings are functional, not mobility/salary equivalent.",HIGH,official common-system / inferred P-equivalence
World Meteorological Organization,NO-D,UN National Professional,T4_SENIOR_PROFESSIONAL,National / Local,Staff,~P-4,7-10+ years,Senior national officer / technical lead,Often supervises staff/partners,"UN Common System or common-system-aligned grade code; actual categories used vary by agency and vacancy. National officer mappings are functional, not mobility/salary equivalent.",HIGH,official common-system / inferred P-equivalence
World Meteorological Organization,G-1,UN General Service,T1_ENTRY_SUPPORT,Local,Staff,G-1,0+ years,Routine support,None,UN Common System or common-system-aligned grade code; actual categories used vary by agency and vacancy. General Service is support/local; do not map directly to P grades.,HIGH,official common-system / same-category mapping
World Meteorological Organization,G-2,UN General Service,T1_ENTRY_SUPPORT,Local,Staff,G-2,2+ years,Basic clerical/operational support,None,UN Common System or common-system-aligned grade code; actual categories used vary by agency and vacancy. General Service is support/local; do not map directly to P grades.,HIGH,official common-system / same-category mapping
World Meteorological Organization,G-3,UN General Service,T1_ENTRY_SUPPORT,Local,Staff,G-3,3+ years,Administrative/operational support,None,UN Common System or common-system-aligned grade code; actual categories used vary by agency and vacancy. General Service is support/local; do not map directly to P grades.,HIGH,official common-system / same-category mapping
World Meteorological Organization,G-4,UN General Service,T2_JUNIOR_PROFESSIONAL,Local,Staff,G-4,4+ years,Experienced assistant / specialized support,Usually none,UN Common System or common-system-aligned grade code; actual categories used vary by agency and vacancy. General Service is support/local; do not map directly to P grades.,HIGH,official common-system / same-category mapping
World Meteorological Organization,G-5,UN General Service,T2_JUNIOR_PROFESSIONAL,Local,Staff,G-5,5+ years,Senior assistant / para-professional support,May coordinate support tasks,UN Common System or common-system-aligned grade code; actual categories used vary by agency and vacancy. General Service is support/local; do not map directly to P grades.,HIGH,official common-system / same-category mapping
World Meteorological Organization,G-6,UN General Service,T3_MID_PROFESSIONAL,Local,Staff,G-6,6+ years,Senior associate / complex support,May supervise support staff,UN Common System or common-system-aligned grade code; actual categories used vary by agency and vacancy. General Service is support/local; do not map directly to P grades.,HIGH,official common-system / same-category mapping
World Meteorological Organization,G-7,UN General Service,T3_MID_PROFESSIONAL,Local,Staff,G-7,7+ years,Highest local GS specialist/support lead,Often supervises support functions,UN Common System or common-system-aligned grade code; actual categories used vary by agency and vacancy. General Service is support/local; do not map directly to P grades.,HIGH,official common-system / same-category mapping
International Fund for Agricultural Development,P-1,UN International Professional,T1_ENTRY_SUPPORT,International,Staff,P-1,0-2 years,Entry professional analysis under close supervision,Normally none,UN Common System or common-system-aligned grade code; actual categories used vary by agency and vacancy.,HIGH,official common-system / same-code mapping
International Fund for Agricultural Development,P-2,UN International Professional,T2_JUNIOR_PROFESSIONAL,International,Staff,P-2,2-4 years,Junior professional/officer; defined portfolio,Normally none; may coordinate vendors/consultants,UN Common System or common-system-aligned grade code; actual categories used vary by agency and vacancy.,HIGH,official common-system / same-code mapping
International Fund for Agricultural Development,P-3,UN International Professional,T3_MID_PROFESSIONAL,International,Staff,P-3,5-7 years,Independent professional ownership of workstream or project,May supervise junior staff/consultants,UN Common System or common-system-aligned grade code; actual categories used vary by agency and vacancy.,HIGH,official common-system / same-code mapping
International Fund for Agricultural Development,P-4,UN International Professional,T4_SENIOR_PROFESSIONAL,International,Staff,P-4,7-10 years,"Senior specialist; complex programme, policy or technical leadership",Often supervises staff/consultants,UN Common System or common-system-aligned grade code; actual categories used vary by agency and vacancy.,HIGH,official common-system / same-code mapping
International Fund for Agricultural Development,P-5,UN International Professional,T5_PRINCIPAL_MANAGER,International,Staff,P-5,10-15 years,Chief/principal specialist/section head,Frequently supervises teams and budgets,UN Common System or common-system-aligned grade code; actual categories used vary by agency and vacancy.,HIGH,official common-system / same-code mapping
International Fund for Agricultural Development,D-1,UN Director,T6_DIRECTOR,International,Staff,D-1,15+ years,Director of division/large programme,Senior management responsibility,UN Common System or common-system-aligned grade code; actual categories used vary by agency and vacancy.,HIGH,official common-system / same-code mapping
International Fund for Agricultural Development,D-2,UN Director,T6_DIRECTOR,International,Staff,D-2,15-20+ years,Senior director / head of major office,Institutional management responsibility,UN Common System or common-system-aligned grade code; actual categories used vary by agency and vacancy.,HIGH,official common-system / same-code mapping
International Fund for Agricultural Development,NO-A,UN National Professional,T1_ENTRY_SUPPORT,National / Local,Staff,~P-1/P-2,0-2 years,Entry national professional requiring local/national expertise,Normally none,"UN Common System or common-system-aligned grade code; actual categories used vary by agency and vacancy. National officer mappings are functional, not mobility/salary equivalent.",HIGH,official common-system / inferred P-equivalence
International Fund for Agricultural Development,NO-B,UN National Professional,T2_JUNIOR_PROFESSIONAL,National / Local,Staff,~P-2,2-4 years,National officer / junior professional,May coordinate local partners,"UN Common System or common-system-aligned grade code; actual categories used vary by agency and vacancy. National officer mappings are functional, not mobility/salary equivalent.",HIGH,official common-system / inferred P-equivalence
International Fund for Agricultural Development,NO-C,UN National Professional,T3_MID_PROFESSIONAL,National / Local,Staff,~P-3,5-7 years,Experienced national professional managing workstreams,May supervise assistants/consultants,"UN Common System or common-system-aligned grade code; actual categories used vary by agency and vacancy. National officer mappings are functional, not mobility/salary equivalent.",HIGH,official common-system / inferred P-equivalence
International Fund for Agricultural Development,NO-D,UN National Professional,T4_SENIOR_PROFESSIONAL,National / Local,Staff,~P-4,7-10+ years,Senior national officer / technical lead,Often supervises staff/partners,"UN Common System or common-system-aligned grade code; actual categories used vary by agency and vacancy. National officer mappings are functional, not mobility/salary equivalent.",HIGH,official common-system / inferred P-equivalence
International Fund for Agricultural Development,G-1,UN General Service,T1_ENTRY_SUPPORT,Local,Staff,G-1,0+ years,Routine support,None,UN Common System or common-system-aligned grade code; actual categories used vary by agency and vacancy. General Service is support/local; do not map directly to P grades.,HIGH,official common-system / same-category mapping
International Fund for Agricultural Development,G-2,UN General Service,T1_ENTRY_SUPPORT,Local,Staff,G-2,2+ years,Basic clerical/operational support,None,UN Common System or common-system-aligned grade code; actual categories used vary by agency and vacancy. General Service is support/local; do not map directly to P grades.,HIGH,official common-system / same-category mapping
International Fund for Agricultural Development,G-3,UN General Service,T1_ENTRY_SUPPORT,Local,Staff,G-3,3+ years,Administrative/operational support,None,UN Common System or common-system-aligned grade code; actual categories used vary by agency and vacancy. General Service is support/local; do not map directly to P grades.,HIGH,official common-system / same-category mapping
International Fund for Agricultural Development,G-4,UN General Service,T2_JUNIOR_PROFESSIONAL,Local,Staff,G-4,4+ years,Experienced assistant / specialized support,Usually none,UN Common System or common-system-aligned grade code; actual categories used vary by agency and vacancy. General Service is support/local; do not map directly to P grades.,HIGH,official common-system / same-category mapping
International Fund for Agricultural Development,G-5,UN General Service,T2_JUNIOR_PROFESSIONAL,Local,Staff,G-5,5+ years,Senior assistant / para-professional support,May coordinate support tasks,UN Common System or common-system-aligned grade code; actual categories used vary by agency and vacancy. General Service is support/local; do not map directly to P grades.,HIGH,official common-system / same-category mapping
International Fund for Agricultural Development,G-6,UN General Service,T3_MID_PROFESSIONAL,Local,Staff,G-6,6+ years,Senior associate / complex support,May supervise support staff,UN Common System or common-system-aligned grade code; actual categories used vary by agency and vacancy. General Service is support/local; do not map directly to P grades.,HIGH,official common-system / same-category mapping
International Fund for Agricultural Development,G-7,UN General Service,T3_MID_PROFESSIONAL,Local,Staff,G-7,7+ years,Highest local GS specialist/support lead,Often supervises support functions,UN Common System or common-system-aligned grade code; actual categories used vary by agency and vacancy. General Service is support/local; do not map directly to P grades.,HIGH,official common-system / same-category mapping
International Maritime Organization,P-1,UN International Professional,T1_ENTRY_SUPPORT,International,Staff,P-1,0-2 years,Entry professional analysis under close supervision,Normally none,UN Common System or common-system-aligned grade code; actual categories used vary by agency and vacancy.,HIGH,official common-system / same-code mapping
International Maritime Organization,P-2,UN International Professional,T2_JUNIOR_PROFESSIONAL,International,Staff,P-2,2-4 years,Junior professional/officer; defined portfolio,Normally none; may coordinate vendors/consultants,UN Common System or common-system-aligned grade code; actual categories used vary by agency and vacancy.,HIGH,official common-system / same-code mapping
International Maritime Organization,P-3,UN International Professional,T3_MID_PROFESSIONAL,International,Staff,P-3,5-7 years,Independent professional ownership of workstream or project,May supervise junior staff/consultants,UN Common System or common-system-aligned grade code; actual categories used vary by agency and vacancy.,HIGH,official common-system / same-code mapping
International Maritime Organization,P-4,UN International Professional,T4_SENIOR_PROFESSIONAL,International,Staff,P-4,7-10 years,"Senior specialist; complex programme, policy or technical leadership",Often supervises staff/consultants,UN Common System or common-system-aligned grade code; actual categories used vary by agency and vacancy.,HIGH,official common-system / same-code mapping
International Maritime Organization,P-5,UN International Professional,T5_PRINCIPAL_MANAGER,International,Staff,P-5,10-15 years,Chief/principal specialist/section head,Frequently supervises teams and budgets,UN Common System or common-system-aligned grade code; actual categories used vary by agency and vacancy.,HIGH,official common-system / same-code mapping
International Maritime Organization,D-1,UN Director,T6_DIRECTOR,International,Staff,D-1,15+ years,Director of division/large programme,Senior management responsibility,UN Common System or common-system-aligned grade code; actual categories used vary by agency and vacancy.,HIGH,official common-system / same-code mapping
International Maritime Organization,D-2,UN Director,T6_DIRECTOR,International,Staff,D-2,15-20+ years,Senior director / head of major office,Institutional management responsibility,UN Common System or common-system-aligned grade code; actual categories used vary by agency and vacancy.,HIGH,official common-system / same-code mapping
International Maritime Organization,NO-A,UN National Professional,T1_ENTRY_SUPPORT,National / Local,Staff,~P-1/P-2,0-2 years,Entry national professional requiring local/national expertise,Normally none,"UN Common System or common-system-aligned grade code; actual categories used vary by agency and vacancy. National officer mappings are functional, not mobility/salary equivalent.",HIGH,official common-system / inferred P-equivalence
International Maritime Organization,NO-B,UN National Professional,T2_JUNIOR_PROFESSIONAL,National / Local,Staff,~P-2,2-4 years,National officer / junior professional,May coordinate local partners,"UN Common System or common-system-aligned grade code; actual categories used vary by agency and vacancy. National officer mappings are functional, not mobility/salary equivalent.",HIGH,official common-system / inferred P-equivalence
International Maritime Organization,NO-C,UN National Professional,T3_MID_PROFESSIONAL,National / Local,Staff,~P-3,5-7 years,Experienced national professional managing workstreams,May supervise assistants/consultants,"UN Common System or common-system-aligned grade code; actual categories used vary by agency and vacancy. National officer mappings are functional, not mobility/salary equivalent.",HIGH,official common-system / inferred P-equivalence
International Maritime Organization,NO-D,UN National Professional,T4_SENIOR_PROFESSIONAL,National / Local,Staff,~P-4,7-10+ years,Senior national officer / technical lead,Often supervises staff/partners,"UN Common System or common-system-aligned grade code; actual categories used vary by agency and vacancy. National officer mappings are functional, not mobility/salary equivalent.",HIGH,official common-system / inferred P-equivalence
International Maritime Organization,G-1,UN General Service,T1_ENTRY_SUPPORT,Local,Staff,G-1,0+ years,Routine support,None,UN Common System or common-system-aligned grade code; actual categories used vary by agency and vacancy. General Service is support/local; do not map directly to P grades.,HIGH,official common-system / same-category mapping
International Maritime Organization,G-2,UN General Service,T1_ENTRY_SUPPORT,Local,Staff,G-2,2+ years,Basic clerical/operational support,None,UN Common System or common-system-aligned grade code; actual categories used vary by agency and vacancy. General Service is support/local; do not map directly to P grades.,HIGH,official common-system / same-category mapping
International Maritime Organization,G-3,UN General Service,T1_ENTRY_SUPPORT,Local,Staff,G-3,3+ years,Administrative/operational support,None,UN Common System or common-system-aligned grade code; actual categories used vary by agency and vacancy. General Service is support/local; do not map directly to P grades.,HIGH,official common-system / same-category mapping
International Maritime Organization,G-4,UN General Service,T2_JUNIOR_PROFESSIONAL,Local,Staff,G-4,4+ years,Experienced assistant / specialized support,Usually none,UN Common System or common-system-aligned grade code; actual categories used vary by agency and vacancy. General Service is support/local; do not map directly to P grades.,HIGH,official common-system / same-category mapping
International Maritime Organization,G-5,UN General Service,T2_JUNIOR_PROFESSIONAL,Local,Staff,G-5,5+ years,Senior assistant / para-professional support,May coordinate support tasks,UN Common System or common-system-aligned grade code; actual categories used vary by agency and vacancy. General Service is support/local; do not map directly to P grades.,HIGH,official common-system / same-category mapping
International Maritime Organization,G-6,UN General Service,T3_MID_PROFESSIONAL,Local,Staff,G-6,6+ years,Senior associate / complex support,May supervise support staff,UN Common System or common-system-aligned grade code; actual categories used vary by agency and vacancy. General Service is support/local; do not map directly to P grades.,HIGH,official common-system / same-category mapping
International Maritime Organization,G-7,UN General Service,T3_MID_PROFESSIONAL,Local,Staff,G-7,7+ years,Highest local GS specialist/support lead,Often supervises support functions,UN Common System or common-system-aligned grade code; actual categories used vary by agency and vacancy. General Service is support/local; do not map directly to P grades.,HIGH,official common-system / same-category mapping
UNAIDS,P-1,UN International Professional,T1_ENTRY_SUPPORT,International,Staff,P-1,0-2 years,Entry professional analysis under close supervision,Normally none,UN Common System or common-system-aligned grade code; actual categories used vary by agency and vacancy.,HIGH,official common-system / same-code mapping
UNAIDS,P-2,UN International Professional,T2_JUNIOR_PROFESSIONAL,International,Staff,P-2,2-4 years,Junior professional/officer; defined portfolio,Normally none; may coordinate vendors/consultants,UN Common System or common-system-aligned grade code; actual categories used vary by agency and vacancy.,HIGH,official common-system / same-code mapping
UNAIDS,P-3,UN International Professional,T3_MID_PROFESSIONAL,International,Staff,P-3,5-7 years,Independent professional ownership of workstream or project,May supervise junior staff/consultants,UN Common System or common-system-aligned grade code; actual categories used vary by agency and vacancy.,HIGH,official common-system / same-code mapping
UNAIDS,P-4,UN International Professional,T4_SENIOR_PROFESSIONAL,International,Staff,P-4,7-10 years,"Senior specialist; complex programme, policy or technical leadership",Often supervises staff/consultants,UN Common System or common-system-aligned grade code; actual categories used vary by agency and vacancy.,HIGH,official common-system / same-code mapping
UNAIDS,P-5,UN International Professional,T5_PRINCIPAL_MANAGER,International,Staff,P-5,10-15 years,Chief/principal specialist/section head,Frequently supervises teams and budgets,UN Common System or common-system-aligned grade code; actual categories used vary by agency and vacancy.,HIGH,official common-system / same-code mapping
UNAIDS,D-1,UN Director,T6_DIRECTOR,International,Staff,D-1,15+ years,Director of division/large programme,Senior management responsibility,UN Common System or common-system-aligned grade code; actual categories used vary by agency and vacancy.,HIGH,official common-system / same-code mapping
UNAIDS,D-2,UN Director,T6_DIRECTOR,International,Staff,D-2,15-20+ years,Senior director / head of major office,Institutional management responsibility,UN Common System or common-system-aligned grade code; actual categories used vary by agency and vacancy.,HIGH,official common-system / same-code mapping
UNAIDS,NO-A,UN National Professional,T1_ENTRY_SUPPORT,National / Local,Staff,~P-1/P-2,0-2 years,Entry national professional requiring local/national expertise,Normally none,"UN Common System or common-system-aligned grade code; actual categories used vary by agency and vacancy. National officer mappings are functional, not mobility/salary equivalent.",HIGH,official common-system / inferred P-equivalence
UNAIDS,NO-B,UN National Professional,T2_JUNIOR_PROFESSIONAL,National / Local,Staff,~P-2,2-4 years,National officer / junior professional,May coordinate local partners,"UN Common System or common-system-aligned grade code; actual categories used vary by agency and vacancy. National officer mappings are functional, not mobility/salary equivalent.",HIGH,official common-system / inferred P-equivalence
UNAIDS,NO-C,UN National Professional,T3_MID_PROFESSIONAL,National / Local,Staff,~P-3,5-7 years,Experienced national professional managing workstreams,May supervise assistants/consultants,"UN Common System or common-system-aligned grade code; actual categories used vary by agency and vacancy. National officer mappings are functional, not mobility/salary equivalent.",HIGH,official common-system / inferred P-equivalence
UNAIDS,NO-D,UN National Professional,T4_SENIOR_PROFESSIONAL,National / Local,Staff,~P-4,7-10+ years,Senior national officer / technical lead,Often supervises staff/partners,"UN Common System or common-system-aligned grade code; actual categories used vary by agency and vacancy. National officer mappings are functional, not mobility/salary equivalent.",HIGH,official common-system / inferred P-equivalence
UNAIDS,G-1,UN General Service,T1_ENTRY_SUPPORT,Local,Staff,G-1,0+ years,Routine support,None,UN Common System or common-system-aligned grade code; actual categories used vary by agency and vacancy. General Service is support/local; do not map directly to P grades.,HIGH,official common-system / same-category mapping
UNAIDS,G-2,UN General Service,T1_ENTRY_SUPPORT,Local,Staff,G-2,2+ years,Basic clerical/operational support,None,UN Common System or common-system-aligned grade code; actual categories used vary by agency and vacancy. General Service is support/local; do not map directly to P grades.,HIGH,official common-system / same-category mapping
UNAIDS,G-3,UN General Service,T1_ENTRY_SUPPORT,Local,Staff,G-3,3+ years,Administrative/operational support,None,UN Common System or common-system-aligned grade code; actual categories used vary by agency and vacancy. General Service is support/local; do not map directly to P grades.,HIGH,official common-system / same-category mapping
UNAIDS,G-4,UN General Service,T2_JUNIOR_PROFESSIONAL,Local,Staff,G-4,4+ years,Experienced assistant / specialized support,Usually none,UN Common System or common-system-aligned grade code; actual categories used vary by agency and vacancy. General Service is support/local; do not map directly to P grades.,HIGH,official common-system / same-category mapping
UNAIDS,G-5,UN General Service,T2_JUNIOR_PROFESSIONAL,Local,Staff,G-5,5+ years,Senior assistant / para-professional support,May coordinate support tasks,UN Common System or common-system-aligned grade code; actual categories used vary by agency and vacancy. General Service is support/local; do not map directly to P grades.,HIGH,official common-system / same-category mapping
UNAIDS,G-6,UN General Service,T3_MID_PROFESSIONAL,Local,Staff,G-6,6+ years,Senior associate / complex support,May supervise support staff,UN Common System or common-system-aligned grade code; actual categories used vary by agency and vacancy. General Service is support/local; do not map directly to P grades.,HIGH,official common-system / same-category mapping
UNAIDS,G-7,UN General Service,T3_MID_PROFESSIONAL,Local,Staff,G-7,7+ years,Highest local GS specialist/support lead,Often supervises support functions,UN Common System or common-system-aligned grade code; actual categories used vary by agency and vacancy. General Service is support/local; do not map directly to P grades.,HIGH,official common-system / same-category mapping
International Trade Centre,P-1,UN International Professional,T1_ENTRY_SUPPORT,International,Staff,P-1,0-2 years,Entry professional analysis under close supervision,Normally none,UN Common System or common-system-aligned grade code; actual categories used vary by agency and vacancy.,HIGH,official common-system / same-code mapping
International Trade Centre,P-2,UN International Professional,T2_JUNIOR_PROFESSIONAL,International,Staff,P-2,2-4 years,Junior professional/officer; defined portfolio,Normally none; may coordinate vendors/consultants,UN Common System or common-system-aligned grade code; actual categories used vary by agency and vacancy.,HIGH,official common-system / same-code mapping
International Trade Centre,P-3,UN International Professional,T3_MID_PROFESSIONAL,International,Staff,P-3,5-7 years,Independent professional ownership of workstream or project,May supervise junior staff/consultants,UN Common System or common-system-aligned grade code; actual categories used vary by agency and vacancy.,HIGH,official common-system / same-code mapping
International Trade Centre,P-4,UN International Professional,T4_SENIOR_PROFESSIONAL,International,Staff,P-4,7-10 years,"Senior specialist; complex programme, policy or technical leadership",Often supervises staff/consultants,UN Common System or common-system-aligned grade code; actual categories used vary by agency and vacancy.,HIGH,official common-system / same-code mapping
International Trade Centre,P-5,UN International Professional,T5_PRINCIPAL_MANAGER,International,Staff,P-5,10-15 years,Chief/principal specialist/section head,Frequently supervises teams and budgets,UN Common System or common-system-aligned grade code; actual categories used vary by agency and vacancy.,HIGH,official common-system / same-code mapping
International Trade Centre,D-1,UN Director,T6_DIRECTOR,International,Staff,D-1,15+ years,Director of division/large programme,Senior management responsibility,UN Common System or common-system-aligned grade code; actual categories used vary by agency and vacancy.,HIGH,official common-system / same-code mapping
International Trade Centre,D-2,UN Director,T6_DIRECTOR,International,Staff,D-2,15-20+ years,Senior director / head of major office,Institutional management responsibility,UN Common System or common-system-aligned grade code; actual categories used vary by agency and vacancy.,HIGH,official common-system / same-code mapping
International Trade Centre,NO-A,UN National Professional,T1_ENTRY_SUPPORT,National / Local,Staff,~P-1/P-2,0-2 years,Entry national professional requiring local/national expertise,Normally none,"UN Common System or common-system-aligned grade code; actual categories used vary by agency and vacancy. National officer mappings are functional, not mobility/salary equivalent.",HIGH,official common-system / inferred P-equivalence
International Trade Centre,NO-B,UN National Professional,T2_JUNIOR_PROFESSIONAL,National / Local,Staff,~P-2,2-4 years,National officer / junior professional,May coordinate local partners,"UN Common System or common-system-aligned grade code; actual categories used vary by agency and vacancy. National officer mappings are functional, not mobility/salary equivalent.",HIGH,official common-system / inferred P-equivalence
International Trade Centre,NO-C,UN National Professional,T3_MID_PROFESSIONAL,National / Local,Staff,~P-3,5-7 years,Experienced national professional managing workstreams,May supervise assistants/consultants,"UN Common System or common-system-aligned grade code; actual categories used vary by agency and vacancy. National officer mappings are functional, not mobility/salary equivalent.",HIGH,official common-system / inferred P-equivalence
International Trade Centre,NO-D,UN National Professional,T4_SENIOR_PROFESSIONAL,National / Local,Staff,~P-4,7-10+ years,Senior national officer / technical lead,Often supervises staff/partners,"UN Common System or common-system-aligned grade code; actual categories used vary by agency and vacancy. National officer mappings are functional, not mobility/salary equivalent.",HIGH,official common-system / inferred P-equivalence
International Trade Centre,G-1,UN General Service,T1_ENTRY_SUPPORT,Local,Staff,G-1,0+ years,Routine support,None,UN Common System or common-system-aligned grade code; actual categories used vary by agency and vacancy. General Service is support/local; do not map directly to P grades.,HIGH,official common-system / same-category mapping
International Trade Centre,G-2,UN General Service,T1_ENTRY_SUPPORT,Local,Staff,G-2,2+ years,Basic clerical/operational support,None,UN Common System or common-system-aligned grade code; actual categories used vary by agency and vacancy. General Service is support/local; do not map directly to P grades.,HIGH,official common-system / same-category mapping
International Trade Centre,G-3,UN General Service,T1_ENTRY_SUPPORT,Local,Staff,G-3,3+ years,Administrative/operational support,None,UN Common System or common-system-aligned grade code; actual categories used vary by agency and vacancy. General Service is support/local; do not map directly to P grades.,HIGH,official common-system / same-category mapping
International Trade Centre,G-4,UN General Service,T2_JUNIOR_PROFESSIONAL,Local,Staff,G-4,4+ years,Experienced assistant / specialized support,Usually none,UN Common System or common-system-aligned grade code; actual categories used vary by agency and vacancy. General Service is support/local; do not map directly to P grades.,HIGH,official common-system / same-category mapping
International Trade Centre,G-5,UN General Service,T2_JUNIOR_PROFESSIONAL,Local,Staff,G-5,5+ years,Senior assistant / para-professional support,May coordinate support tasks,UN Common System or common-system-aligned grade code; actual categories used vary by agency and vacancy. General Service is support/local; do not map directly to P grades.,HIGH,official common-system / same-category mapping
International Trade Centre,G-6,UN General Service,T3_MID_PROFESSIONAL,Local,Staff,G-6,6+ years,Senior associate / complex support,May supervise support staff,UN Common System or common-system-aligned grade code; actual categories used vary by agency and vacancy. General Service is support/local; do not map directly to P grades.,HIGH,official common-system / same-category mapping
International Trade Centre,G-7,UN General Service,T3_MID_PROFESSIONAL,Local,Staff,G-7,7+ years,Highest local GS specialist/support lead,Often supervises support functions,UN Common System or common-system-aligned grade code; actual categories used vary by agency and vacancy. General Service is support/local; do not map directly to P grades.,HIGH,official common-system / same-category mapping
United Nations System Staff College,P-1,UN International Professional,T1_ENTRY_SUPPORT,International,Staff,P-1,0-2 years,Entry professional analysis under close supervision,Normally none,UN Common System or common-system-aligned grade code; actual categories used vary by agency and vacancy.,HIGH,official common-system / same-code mapping
United Nations System Staff College,P-2,UN International Professional,T2_JUNIOR_PROFESSIONAL,International,Staff,P-2,2-4 years,Junior professional/officer; defined portfolio,Normally none; may coordinate vendors/consultants,UN Common System or common-system-aligned grade code; actual categories used vary by agency and vacancy.,HIGH,official common-system / same-code mapping
United Nations System Staff College,P-3,UN International Professional,T3_MID_PROFESSIONAL,International,Staff,P-3,5-7 years,Independent professional ownership of workstream or project,May supervise junior staff/consultants,UN Common System or common-system-aligned grade code; actual categories used vary by agency and vacancy.,HIGH,official common-system / same-code mapping
United Nations System Staff College,P-4,UN International Professional,T4_SENIOR_PROFESSIONAL,International,Staff,P-4,7-10 years,"Senior specialist; complex programme, policy or technical leadership",Often supervises staff/consultants,UN Common System or common-system-aligned grade code; actual categories used vary by agency and vacancy.,HIGH,official common-system / same-code mapping
United Nations System Staff College,P-5,UN International Professional,T5_PRINCIPAL_MANAGER,International,Staff,P-5,10-15 years,Chief/principal specialist/section head,Frequently supervises teams and budgets,UN Common System or common-system-aligned grade code; actual categories used vary by agency and vacancy.,HIGH,official common-system / same-code mapping
United Nations System Staff College,D-1,UN Director,T6_DIRECTOR,International,Staff,D-1,15+ years,Director of division/large programme,Senior management responsibility,UN Common System or common-system-aligned grade code; actual categories used vary by agency and vacancy.,HIGH,official common-system / same-code mapping
United Nations System Staff College,D-2,UN Director,T6_DIRECTOR,International,Staff,D-2,15-20+ years,Senior director / head of major office,Institutional management responsibility,UN Common System or common-system-aligned grade code; actual categories used vary by agency and vacancy.,HIGH,official common-system / same-code mapping
United Nations System Staff College,NO-A,UN National Professional,T1_ENTRY_SUPPORT,National / Local,Staff,~P-1/P-2,0-2 years,Entry national professional requiring local/national expertise,Normally none,"UN Common System or common-system-aligned grade code; actual categories used vary by agency and vacancy. National officer mappings are functional, not mobility/salary equivalent.",HIGH,official common-system / inferred P-equivalence
United Nations System Staff College,NO-B,UN National Professional,T2_JUNIOR_PROFESSIONAL,National / Local,Staff,~P-2,2-4 years,National officer / junior professional,May coordinate local partners,"UN Common System or common-system-aligned grade code; actual categories used vary by agency and vacancy. National officer mappings are functional, not mobility/salary equivalent.",HIGH,official common-system / inferred P-equivalence
United Nations System Staff College,NO-C,UN National Professional,T3_MID_PROFESSIONAL,National / Local,Staff,~P-3,5-7 years,Experienced national professional managing workstreams,May supervise assistants/consultants,"UN Common System or common-system-aligned grade code; actual categories used vary by agency and vacancy. National officer mappings are functional, not mobility/salary equivalent.",HIGH,official common-system / inferred P-equivalence
United Nations System Staff College,NO-D,UN National Professional,T4_SENIOR_PROFESSIONAL,National / Local,Staff,~P-4,7-10+ years,Senior national officer / technical lead,Often supervises staff/partners,"UN Common System or common-system-aligned grade code; actual categories used vary by agency and vacancy. National officer mappings are functional, not mobility/salary equivalent.",HIGH,official common-system / inferred P-equivalence
United Nations System Staff College,G-1,UN General Service,T1_ENTRY_SUPPORT,Local,Staff,G-1,0+ years,Routine support,None,UN Common System or common-system-aligned grade code; actual categories used vary by agency and vacancy. General Service is support/local; do not map directly to P grades.,HIGH,official common-system / same-category mapping
United Nations System Staff College,G-2,UN General Service,T1_ENTRY_SUPPORT,Local,Staff,G-2,2+ years,Basic clerical/operational support,None,UN Common System or common-system-aligned grade code; actual categories used vary by agency and vacancy. General Service is support/local; do not map directly to P grades.,HIGH,official common-system / same-category mapping
United Nations System Staff College,G-3,UN General Service,T1_ENTRY_SUPPORT,Local,Staff,G-3,3+ years,Administrative/operational support,None,UN Common System or common-system-aligned grade code; actual categories used vary by agency and vacancy. General Service is support/local; do not map directly to P grades.,HIGH,official common-system / same-category mapping
United Nations System Staff College,G-4,UN General Service,T2_JUNIOR_PROFESSIONAL,Local,Staff,G-4,4+ years,Experienced assistant / specialized support,Usually none,UN Common System or common-system-aligned grade code; actual categories used vary by agency and vacancy. General Service is support/local; do not map directly to P grades.,HIGH,official common-system / same-category mapping
United Nations System Staff College,G-5,UN General Service,T2_JUNIOR_PROFESSIONAL,Local,Staff,G-5,5+ years,Senior assistant / para-professional support,May coordinate support tasks,UN Common System or common-system-aligned grade code; actual categories used vary by agency and vacancy. General Service is support/local; do not map directly to P grades.,HIGH,official common-system / same-category mapping
United Nations System Staff College,G-6,UN General Service,T3_MID_PROFESSIONAL,Local,Staff,G-6,6+ years,Senior associate / complex support,May supervise support staff,UN Common System or common-system-aligned grade code; actual categories used vary by agency and vacancy. General Service is support/local; do not map directly to P grades.,HIGH,official common-system / same-category mapping
United Nations System Staff College,G-7,UN General Service,T3_MID_PROFESSIONAL,Local,Staff,G-7,7+ years,Highest local GS specialist/support lead,Often supervises support functions,UN Common System or common-system-aligned grade code; actual categories used vary by agency and vacancy. General Service is support/local; do not map directly to P grades.,HIGH,official common-system / same-category mapping
United Nations University,P-1,UN International Professional,T1_ENTRY_SUPPORT,International,Staff,P-1,0-2 years,Entry professional analysis under close supervision,Normally none,UN Common System or common-system-aligned grade code; actual categories used vary by agency and vacancy.,HIGH,official common-system / same-code mapping
United Nations University,P-2,UN International Professional,T2_JUNIOR_PROFESSIONAL,International,Staff,P-2,2-4 years,Junior professional/officer; defined portfolio,Normally none; may coordinate vendors/consultants,UN Common System or common-system-aligned grade code; actual categories used vary by agency and vacancy.,HIGH,official common-system / same-code mapping
United Nations University,P-3,UN International Professional,T3_MID_PROFESSIONAL,International,Staff,P-3,5-7 years,Independent professional ownership of workstream or project,May supervise junior staff/consultants,UN Common System or common-system-aligned grade code; actual categories used vary by agency and vacancy.,HIGH,official common-system / same-code mapping
United Nations University,P-4,UN International Professional,T4_SENIOR_PROFESSIONAL,International,Staff,P-4,7-10 years,"Senior specialist; complex programme, policy or technical leadership",Often supervises staff/consultants,UN Common System or common-system-aligned grade code; actual categories used vary by agency and vacancy.,HIGH,official common-system / same-code mapping
United Nations University,P-5,UN International Professional,T5_PRINCIPAL_MANAGER,International,Staff,P-5,10-15 years,Chief/principal specialist/section head,Frequently supervises teams and budgets,UN Common System or common-system-aligned grade code; actual categories used vary by agency and vacancy.,HIGH,official common-system / same-code mapping
United Nations University,D-1,UN Director,T6_DIRECTOR,International,Staff,D-1,15+ years,Director of division/large programme,Senior management responsibility,UN Common System or common-system-aligned grade code; actual categories used vary by agency and vacancy.,HIGH,official common-system / same-code mapping
United Nations University,D-2,UN Director,T6_DIRECTOR,International,Staff,D-2,15-20+ years,Senior director / head of major office,Institutional management responsibility,UN Common System or common-system-aligned grade code; actual categories used vary by agency and vacancy.,HIGH,official common-system / same-code mapping
United Nations University,NO-A,UN National Professional,T1_ENTRY_SUPPORT,National / Local,Staff,~P-1/P-2,0-2 years,Entry national professional requiring local/national expertise,Normally none,"UN Common System or common-system-aligned grade code; actual categories used vary by agency and vacancy. National officer mappings are functional, not mobility/salary equivalent.",HIGH,official common-system / inferred P-equivalence
United Nations University,NO-B,UN National Professional,T2_JUNIOR_PROFESSIONAL,National / Local,Staff,~P-2,2-4 years,National officer / junior professional,May coordinate local partners,"UN Common System or common-system-aligned grade code; actual categories used vary by agency and vacancy. National officer mappings are functional, not mobility/salary equivalent.",HIGH,official common-system / inferred P-equivalence
United Nations University,NO-C,UN National Professional,T3_MID_PROFESSIONAL,National / Local,Staff,~P-3,5-7 years,Experienced national professional managing workstreams,May supervise assistants/consultants,"UN Common System or common-system-aligned grade code; actual categories used vary by agency and vacancy. National officer mappings are functional, not mobility/salary equivalent.",HIGH,official common-system / inferred P-equivalence
United Nations University,NO-D,UN National Professional,T4_SENIOR_PROFESSIONAL,National / Local,Staff,~P-4,7-10+ years,Senior national officer / technical lead,Often supervises staff/partners,"UN Common System or common-system-aligned grade code; actual categories used vary by agency and vacancy. National officer mappings are functional, not mobility/salary equivalent.",HIGH,official common-system / inferred P-equivalence
United Nations University,G-1,UN General Service,T1_ENTRY_SUPPORT,Local,Staff,G-1,0+ years,Routine support,None,UN Common System or common-system-aligned grade code; actual categories used vary by agency and vacancy. General Service is support/local; do not map directly to P grades.,HIGH,official common-system / same-category mapping
United Nations University,G-2,UN General Service,T1_ENTRY_SUPPORT,Local,Staff,G-2,2+ years,Basic clerical/operational support,None,UN Common System or common-system-aligned grade code; actual categories used vary by agency and vacancy. General Service is support/local; do not map directly to P grades.,HIGH,official common-system / same-category mapping
United Nations University,G-3,UN General Service,T1_ENTRY_SUPPORT,Local,Staff,G-3,3+ years,Administrative/operational support,None,UN Common System or common-system-aligned grade code; actual categories used vary by agency and vacancy. General Service is support/local; do not map directly to P grades.,HIGH,official common-system / same-category mapping
United Nations University,G-4,UN General Service,T2_JUNIOR_PROFESSIONAL,Local,Staff,G-4,4+ years,Experienced assistant / specialized support,Usually none,UN Common System or common-system-aligned grade code; actual categories used vary by agency and vacancy. General Service is support/local; do not map directly to P grades.,HIGH,official common-system / same-category mapping
United Nations University,G-5,UN General Service,T2_JUNIOR_PROFESSIONAL,Local,Staff,G-5,5+ years,Senior assistant / para-professional support,May coordinate support tasks,UN Common System or common-system-aligned grade code; actual categories used vary by agency and vacancy. General Service is support/local; do not map directly to P grades.,HIGH,official common-system / same-category mapping
United Nations University,G-6,UN General Service,T3_MID_PROFESSIONAL,Local,Staff,G-6,6+ years,Senior associate / complex support,May supervise support staff,UN Common System or common-system-aligned grade code; actual categories used vary by agency and vacancy. General Service is support/local; do not map directly to P grades.,HIGH,official common-system / same-category mapping
United Nations University,G-7,UN General Service,T3_MID_PROFESSIONAL,Local,Staff,G-7,7+ years,Highest local GS specialist/support lead,Often supervises support functions,UN Common System or common-system-aligned grade code; actual categories used vary by agency and vacancy. General Service is support/local; do not map directly to P grades.,HIGH,official common-system / same-category mapping
International Organization for Migration,P-1,UN International Professional,T1_ENTRY_SUPPORT,International,Staff,P-1,0-2 years,Entry professional analysis under close supervision,Normally none,UN Common System or common-system-aligned grade code; actual categories used vary by agency and vacancy.,MEDIUM,official common-system / same-code mapping
International Organization for Migration,P-2,UN International Professional,T2_JUNIOR_PROFESSIONAL,International,Staff,P-2,2-4 years,Junior professional/officer; defined portfolio,Normally none; may coordinate vendors/consultants,UN Common System or common-system-aligned grade code; actual categories used vary by agency and vacancy.,MEDIUM,official common-system / same-code mapping
International Organization for Migration,P-3,UN International Professional,T3_MID_PROFESSIONAL,International,Staff,P-3,5-7 years,Independent professional ownership of workstream or project,May supervise junior staff/consultants,UN Common System or common-system-aligned grade code; actual categories used vary by agency and vacancy.,MEDIUM,official common-system / same-code mapping
International Organization for Migration,P-4,UN International Professional,T4_SENIOR_PROFESSIONAL,International,Staff,P-4,7-10 years,"Senior specialist; complex programme, policy or technical leadership",Often supervises staff/consultants,UN Common System or common-system-aligned grade code; actual categories used vary by agency and vacancy.,MEDIUM,official common-system / same-code mapping
International Organization for Migration,P-5,UN International Professional,T5_PRINCIPAL_MANAGER,International,Staff,P-5,10-15 years,Chief/principal specialist/section head,Frequently supervises teams and budgets,UN Common System or common-system-aligned grade code; actual categories used vary by agency and vacancy.,MEDIUM,official common-system / same-code mapping
International Organization for Migration,D-1,UN Director,T6_DIRECTOR,International,Staff,D-1,15+ years,Director of division/large programme,Senior management responsibility,UN Common System or common-system-aligned grade code; actual categories used vary by agency and vacancy.,MEDIUM,official common-system / same-code mapping
International Organization for Migration,D-2,UN Director,T6_DIRECTOR,International,Staff,D-2,15-20+ years,Senior director / head of major office,Institutional management responsibility,UN Common System or common-system-aligned grade code; actual categories used vary by agency and vacancy.,MEDIUM,official common-system / same-code mapping
International Organization for Migration,NO-A,UN National Professional,T1_ENTRY_SUPPORT,National / Local,Staff,~P-1/P-2,0-2 years,Entry national professional requiring local/national expertise,Normally none,"UN Common System or common-system-aligned grade code; actual categories used vary by agency and vacancy. National officer mappings are functional, not mobility/salary equivalent.",MEDIUM,official common-system / inferred P-equivalence
International Organization for Migration,NO-B,UN National Professional,T2_JUNIOR_PROFESSIONAL,National / Local,Staff,~P-2,2-4 years,National officer / junior professional,May coordinate local partners,"UN Common System or common-system-aligned grade code; actual categories used vary by agency and vacancy. National officer mappings are functional, not mobility/salary equivalent.",MEDIUM,official common-system / inferred P-equivalence
International Organization for Migration,NO-C,UN National Professional,T3_MID_PROFESSIONAL,National / Local,Staff,~P-3,5-7 years,Experienced national professional managing workstreams,May supervise assistants/consultants,"UN Common System or common-system-aligned grade code; actual categories used vary by agency and vacancy. National officer mappings are functional, not mobility/salary equivalent.",MEDIUM,official common-system / inferred P-equivalence
International Organization for Migration,NO-D,UN National Professional,T4_SENIOR_PROFESSIONAL,National / Local,Staff,~P-4,7-10+ years,Senior national officer / technical lead,Often supervises staff/partners,"UN Common System or common-system-aligned grade code; actual categories used vary by agency and vacancy. National officer mappings are functional, not mobility/salary equivalent.",MEDIUM,official common-system / inferred P-equivalence
International Organization for Migration,G-1,UN General Service,T1_ENTRY_SUPPORT,Local,Staff,G-1,0+ years,Routine support,None,UN Common System or common-system-aligned grade code; actual categories used vary by agency and vacancy. General Service is support/local; do not map directly to P grades.,MEDIUM,official common-system / same-category mapping
International Organization for Migration,G-2,UN General Service,T1_ENTRY_SUPPORT,Local,Staff,G-2,2+ years,Basic clerical/operational support,None,UN Common System or common-system-aligned grade code; actual categories used vary by agency and vacancy. General Service is support/local; do not map directly to P grades.,MEDIUM,official common-system / same-category mapping
International Organization for Migration,G-3,UN General Service,T1_ENTRY_SUPPORT,Local,Staff,G-3,3+ years,Administrative/operational support,None,UN Common System or common-system-aligned grade code; actual categories used vary by agency and vacancy. General Service is support/local; do not map directly to P grades.,MEDIUM,official common-system / same-category mapping
International Organization for Migration,G-4,UN General Service,T2_JUNIOR_PROFESSIONAL,Local,Staff,G-4,4+ years,Experienced assistant / specialized support,Usually none,UN Common System or common-system-aligned grade code; actual categories used vary by agency and vacancy. General Service is support/local; do not map directly to P grades.,MEDIUM,official common-system / same-category mapping
International Organization for Migration,G-5,UN General Service,T2_JUNIOR_PROFESSIONAL,Local,Staff,G-5,5+ years,Senior assistant / para-professional support,May coordinate support tasks,UN Common System or common-system-aligned grade code; actual categories used vary by agency and vacancy. General Service is support/local; do not map directly to P grades.,MEDIUM,official common-system / same-category mapping
International Organization for Migration,G-6,UN General Service,T3_MID_PROFESSIONAL,Local,Staff,G-6,6+ years,Senior associate / complex support,May supervise support staff,UN Common System or common-system-aligned grade code; actual categories used vary by agency and vacancy. General Service is support/local; do not map directly to P grades.,MEDIUM,official common-system / same-category mapping
International Organization for Migration,G-7,UN General Service,T3_MID_PROFESSIONAL,Local,Staff,G-7,7+ years,Highest local GS specialist/support lead,Often supervises support functions,UN Common System or common-system-aligned grade code; actual categories used vary by agency and vacancy. General Service is support/local; do not map directly to P grades.,MEDIUM,official common-system / same-category mapping
Comprehensive Nuclear-Test-Ban Treaty Organization,P-1,UN International Professional,T1_ENTRY_SUPPORT,International,Staff,P-1,0-2 years,Entry professional analysis under close supervision,Normally none,UN Common System or common-system-aligned grade code; actual categories used vary by agency and vacancy.,MEDIUM,official common-system / same-code mapping
Comprehensive Nuclear-Test-Ban Treaty Organization,P-2,UN International Professional,T2_JUNIOR_PROFESSIONAL,International,Staff,P-2,2-4 years,Junior professional/officer; defined portfolio,Normally none; may coordinate vendors/consultants,UN Common System or common-system-aligned grade code; actual categories used vary by agency and vacancy.,MEDIUM,official common-system / same-code mapping
Comprehensive Nuclear-Test-Ban Treaty Organization,P-3,UN International Professional,T3_MID_PROFESSIONAL,International,Staff,P-3,5-7 years,Independent professional ownership of workstream or project,May supervise junior staff/consultants,UN Common System or common-system-aligned grade code; actual categories used vary by agency and vacancy.,MEDIUM,official common-system / same-code mapping
Comprehensive Nuclear-Test-Ban Treaty Organization,P-4,UN International Professional,T4_SENIOR_PROFESSIONAL,International,Staff,P-4,7-10 years,"Senior specialist; complex programme, policy or technical leadership",Often supervises staff/consultants,UN Common System or common-system-aligned grade code; actual categories used vary by agency and vacancy.,MEDIUM,official common-system / same-code mapping
Comprehensive Nuclear-Test-Ban Treaty Organization,P-5,UN International Professional,T5_PRINCIPAL_MANAGER,International,Staff,P-5,10-15 years,Chief/principal specialist/section head,Frequently supervises teams and budgets,UN Common System or common-system-aligned grade code; actual categories used vary by agency and vacancy.,MEDIUM,official common-system / same-code mapping
Comprehensive Nuclear-Test-Ban Treaty Organization,D-1,UN Director,T6_DIRECTOR,International,Staff,D-1,15+ years,Director of division/large programme,Senior management responsibility,UN Common System or common-system-aligned grade code; actual categories used vary by agency and vacancy.,MEDIUM,official common-system / same-code mapping
Comprehensive Nuclear-Test-Ban Treaty Organization,D-2,UN Director,T6_DIRECTOR,International,Staff,D-2,15-20+ years,Senior director / head of major office,Institutional management responsibility,UN Common System or common-system-aligned grade code; actual categories used vary by agency and vacancy.,MEDIUM,official common-system / same-code mapping
Comprehensive Nuclear-Test-Ban Treaty Organization,NO-A,UN National Professional,T1_ENTRY_SUPPORT,National / Local,Staff,~P-1/P-2,0-2 years,Entry national professional requiring local/national expertise,Normally none,"UN Common System or common-system-aligned grade code; actual categories used vary by agency and vacancy. National officer mappings are functional, not mobility/salary equivalent.",MEDIUM,official common-system / inferred P-equivalence
Comprehensive Nuclear-Test-Ban Treaty Organization,NO-B,UN National Professional,T2_JUNIOR_PROFESSIONAL,National / Local,Staff,~P-2,2-4 years,National officer / junior professional,May coordinate local partners,"UN Common System or common-system-aligned grade code; actual categories used vary by agency and vacancy. National officer mappings are functional, not mobility/salary equivalent.",MEDIUM,official common-system / inferred P-equivalence
Comprehensive Nuclear-Test-Ban Treaty Organization,NO-C,UN National Professional,T3_MID_PROFESSIONAL,National / Local,Staff,~P-3,5-7 years,Experienced national professional managing workstreams,May supervise assistants/consultants,"UN Common System or common-system-aligned grade code; actual categories used vary by agency and vacancy. National officer mappings are functional, not mobility/salary equivalent.",MEDIUM,official common-system / inferred P-equivalence
Comprehensive Nuclear-Test-Ban Treaty Organization,NO-D,UN National Professional,T4_SENIOR_PROFESSIONAL,National / Local,Staff,~P-4,7-10+ years,Senior national officer / technical lead,Often supervises staff/partners,"UN Common System or common-system-aligned grade code; actual categories used vary by agency and vacancy. National officer mappings are functional, not mobility/salary equivalent.",MEDIUM,official common-system / inferred P-equivalence
Comprehensive Nuclear-Test-Ban Treaty Organization,G-1,UN General Service,T1_ENTRY_SUPPORT,Local,Staff,G-1,0+ years,Routine support,None,UN Common System or common-system-aligned grade code; actual categories used vary by agency and vacancy. General Service is support/local; do not map directly to P grades.,MEDIUM,official common-system / same-category mapping
Comprehensive Nuclear-Test-Ban Treaty Organization,G-2,UN General Service,T1_ENTRY_SUPPORT,Local,Staff,G-2,2+ years,Basic clerical/operational support,None,UN Common System or common-system-aligned grade code; actual categories used vary by agency and vacancy. General Service is support/local; do not map directly to P grades.,MEDIUM,official common-system / same-category mapping
Comprehensive Nuclear-Test-Ban Treaty Organization,G-3,UN General Service,T1_ENTRY_SUPPORT,Local,Staff,G-3,3+ years,Administrative/operational support,None,UN Common System or common-system-aligned grade code; actual categories used vary by agency and vacancy. General Service is support/local; do not map directly to P grades.,MEDIUM,official common-system / same-category mapping
Comprehensive Nuclear-Test-Ban Treaty Organization,G-4,UN General Service,T2_JUNIOR_PROFESSIONAL,Local,Staff,G-4,4+ years,Experienced assistant / specialized support,Usually none,UN Common System or common-system-aligned grade code; actual categories used vary by agency and vacancy. General Service is support/local; do not map directly to P grades.,MEDIUM,official common-system / same-category mapping
Comprehensive Nuclear-Test-Ban Treaty Organization,G-5,UN General Service,T2_JUNIOR_PROFESSIONAL,Local,Staff,G-5,5+ years,Senior assistant / para-professional support,May coordinate support tasks,UN Common System or common-system-aligned grade code; actual categories used vary by agency and vacancy. General Service is support/local; do not map directly to P grades.,MEDIUM,official common-system / same-category mapping
Comprehensive Nuclear-Test-Ban Treaty Organization,G-6,UN General Service,T3_MID_PROFESSIONAL,Local,Staff,G-6,6+ years,Senior associate / complex support,May supervise support staff,UN Common System or common-system-aligned grade code; actual categories used vary by agency and vacancy. General Service is support/local; do not map directly to P grades.,MEDIUM,official common-system / same-category mapping
Comprehensive Nuclear-Test-Ban Treaty Organization,G-7,UN General Service,T3_MID_PROFESSIONAL,Local,Staff,G-7,7+ years,Highest local GS specialist/support lead,Often supervises support functions,UN Common System or common-system-aligned grade code; actual categories used vary by agency and vacancy. General Service is support/local; do not map directly to P grades.,MEDIUM,official common-system / same-category mapping
International Criminal Court,P-1,UN International Professional,T1_ENTRY_SUPPORT,International,Staff,P-1,0-2 years,Entry professional analysis under close supervision,Normally none,UN Common System or common-system-aligned grade code; actual categories used vary by agency and vacancy.,MEDIUM,official common-system / same-code mapping
International Criminal Court,P-2,UN International Professional,T2_JUNIOR_PROFESSIONAL,International,Staff,P-2,2-4 years,Junior professional/officer; defined portfolio,Normally none; may coordinate vendors/consultants,UN Common System or common-system-aligned grade code; actual categories used vary by agency and vacancy.,MEDIUM,official common-system / same-code mapping
International Criminal Court,P-3,UN International Professional,T3_MID_PROFESSIONAL,International,Staff,P-3,5-7 years,Independent professional ownership of workstream or project,May supervise junior staff/consultants,UN Common System or common-system-aligned grade code; actual categories used vary by agency and vacancy.,MEDIUM,official common-system / same-code mapping
International Criminal Court,P-4,UN International Professional,T4_SENIOR_PROFESSIONAL,International,Staff,P-4,7-10 years,"Senior specialist; complex programme, policy or technical leadership",Often supervises staff/consultants,UN Common System or common-system-aligned grade code; actual categories used vary by agency and vacancy.,MEDIUM,official common-system / same-code mapping
International Criminal Court,P-5,UN International Professional,T5_PRINCIPAL_MANAGER,International,Staff,P-5,10-15 years,Chief/principal specialist/section head,Frequently supervises teams and budgets,UN Common System or common-system-aligned grade code; actual categories used vary by agency and vacancy.,MEDIUM,official common-system / same-code mapping
International Criminal Court,D-1,UN Director,T6_DIRECTOR,International,Staff,D-1,15+ years,Director of division/large programme,Senior management responsibility,UN Common System or common-system-aligned grade code; actual categories used vary by agency and vacancy.,MEDIUM,official common-system / same-code mapping
International Criminal Court,D-2,UN Director,T6_DIRECTOR,International,Staff,D-2,15-20+ years,Senior director / head of major office,Institutional management responsibility,UN Common System or common-system-aligned grade code; actual categories used vary by agency and vacancy.,MEDIUM,official common-system / same-code mapping
International Criminal Court,NO-A,UN National Professional,T1_ENTRY_SUPPORT,National / Local,Staff,~P-1/P-2,0-2 years,Entry national professional requiring local/national expertise,Normally none,"UN Common System or common-system-aligned grade code; actual categories used vary by agency and vacancy. National officer mappings are functional, not mobility/salary equivalent.",MEDIUM,official common-system / inferred P-equivalence
International Criminal Court,NO-B,UN National Professional,T2_JUNIOR_PROFESSIONAL,National / Local,Staff,~P-2,2-4 years,National officer / junior professional,May coordinate local partners,"UN Common System or common-system-aligned grade code; actual categories used vary by agency and vacancy. National officer mappings are functional, not mobility/salary equivalent.",MEDIUM,official common-system / inferred P-equivalence
International Criminal Court,NO-C,UN National Professional,T3_MID_PROFESSIONAL,National / Local,Staff,~P-3,5-7 years,Experienced national professional managing workstreams,May supervise assistants/consultants,"UN Common System or common-system-aligned grade code; actual categories used vary by agency and vacancy. National officer mappings are functional, not mobility/salary equivalent.",MEDIUM,official common-system / inferred P-equivalence
International Criminal Court,NO-D,UN National Professional,T4_SENIOR_PROFESSIONAL,National / Local,Staff,~P-4,7-10+ years,Senior national officer / technical lead,Often supervises staff/partners,"UN Common System or common-system-aligned grade code; actual categories used vary by agency and vacancy. National officer mappings are functional, not mobility/salary equivalent.",MEDIUM,official common-system / inferred P-equivalence
International Criminal Court,G-1,UN General Service,T1_ENTRY_SUPPORT,Local,Staff,G-1,0+ years,Routine support,None,UN Common System or common-system-aligned grade code; actual categories used vary by agency and vacancy. General Service is support/local; do not map directly to P grades.,MEDIUM,official common-system / same-category mapping
International Criminal Court,G-2,UN General Service,T1_ENTRY_SUPPORT,Local,Staff,G-2,2+ years,Basic clerical/operational support,None,UN Common System or common-system-aligned grade code; actual categories used vary by agency and vacancy. General Service is support/local; do not map directly to P grades.,MEDIUM,official common-system / same-category mapping
International Criminal Court,G-3,UN General Service,T1_ENTRY_SUPPORT,Local,Staff,G-3,3+ years,Administrative/operational support,None,UN Common System or common-system-aligned grade code; actual categories used vary by agency and vacancy. General Service is support/local; do not map directly to P grades.,MEDIUM,official common-system / same-category mapping
International Criminal Court,G-4,UN General Service,T2_JUNIOR_PROFESSIONAL,Local,Staff,G-4,4+ years,Experienced assistant / specialized support,Usually none,UN Common System or common-system-aligned grade code; actual categories used vary by agency and vacancy. General Service is support/local; do not map directly to P grades.,MEDIUM,official common-system / same-category mapping
International Criminal Court,G-5,UN General Service,T2_JUNIOR_PROFESSIONAL,Local,Staff,G-5,5+ years,Senior assistant / para-professional support,May coordinate support tasks,UN Common System or common-system-aligned grade code; actual categories used vary by agency and vacancy. General Service is support/local; do not map directly to P grades.,MEDIUM,official common-system / same-category mapping
International Criminal Court,G-6,UN General Service,T3_MID_PROFESSIONAL,Local,Staff,G-6,6+ years,Senior associate / complex support,May supervise support staff,UN Common System or common-system-aligned grade code; actual categories used vary by agency and vacancy. General Service is support/local; do not map directly to P grades.,MEDIUM,official common-system / same-category mapping
International Criminal Court,G-7,UN General Service,T3_MID_PROFESSIONAL,Local,Staff,G-7,7+ years,Highest local GS specialist/support lead,Often supervises support functions,UN Common System or common-system-aligned grade code; actual categories used vary by agency and vacancy. General Service is support/local; do not map directly to P grades.,MEDIUM,official common-system / same-category mapping
Organisation for the Prohibition of Chemical Weapons,P-1,UN International Professional,T1_ENTRY_SUPPORT,International,Staff,P-1,0-2 years,Entry professional analysis under close supervision,Normally none,UN Common System or common-system-aligned grade code; actual categories used vary by agency and vacancy.,MEDIUM,official common-system / same-code mapping
Organisation for the Prohibition of Chemical Weapons,P-2,UN International Professional,T2_JUNIOR_PROFESSIONAL,International,Staff,P-2,2-4 years,Junior professional/officer; defined portfolio,Normally none; may coordinate vendors/consultants,UN Common System or common-system-aligned grade code; actual categories used vary by agency and vacancy.,MEDIUM,official common-system / same-code mapping
Organisation for the Prohibition of Chemical Weapons,P-3,UN International Professional,T3_MID_PROFESSIONAL,International,Staff,P-3,5-7 years,Independent professional ownership of workstream or project,May supervise junior staff/consultants,UN Common System or common-system-aligned grade code; actual categories used vary by agency and vacancy.,MEDIUM,official common-system / same-code mapping
Organisation for the Prohibition of Chemical Weapons,P-4,UN International Professional,T4_SENIOR_PROFESSIONAL,International,Staff,P-4,7-10 years,"Senior specialist; complex programme, policy or technical leadership",Often supervises staff/consultants,UN Common System or common-system-aligned grade code; actual categories used vary by agency and vacancy.,MEDIUM,official common-system / same-code mapping
Organisation for the Prohibition of Chemical Weapons,P-5,UN International Professional,T5_PRINCIPAL_MANAGER,International,Staff,P-5,10-15 years,Chief/principal specialist/section head,Frequently supervises teams and budgets,UN Common System or common-system-aligned grade code; actual categories used vary by agency and vacancy.,MEDIUM,official common-system / same-code mapping
Organisation for the Prohibition of Chemical Weapons,D-1,UN Director,T6_DIRECTOR,International,Staff,D-1,15+ years,Director of division/large programme,Senior management responsibility,UN Common System or common-system-aligned grade code; actual categories used vary by agency and vacancy.,MEDIUM,official common-system / same-code mapping
Organisation for the Prohibition of Chemical Weapons,D-2,UN Director,T6_DIRECTOR,International,Staff,D-2,15-20+ years,Senior director / head of major office,Institutional management responsibility,UN Common System or common-system-aligned grade code; actual categories used vary by agency and vacancy.,MEDIUM,official common-system / same-code mapping
Organisation for the Prohibition of Chemical Weapons,NO-A,UN National Professional,T1_ENTRY_SUPPORT,National / Local,Staff,~P-1/P-2,0-2 years,Entry national professional requiring local/national expertise,Normally none,"UN Common System or common-system-aligned grade code; actual categories used vary by agency and vacancy. National officer mappings are functional, not mobility/salary equivalent.",MEDIUM,official common-system / inferred P-equivalence
Organisation for the Prohibition of Chemical Weapons,NO-B,UN National Professional,T2_JUNIOR_PROFESSIONAL,National / Local,Staff,~P-2,2-4 years,National officer / junior professional,May coordinate local partners,"UN Common System or common-system-aligned grade code; actual categories used vary by agency and vacancy. National officer mappings are functional, not mobility/salary equivalent.",MEDIUM,official common-system / inferred P-equivalence
Organisation for the Prohibition of Chemical Weapons,NO-C,UN National Professional,T3_MID_PROFESSIONAL,National / Local,Staff,~P-3,5-7 years,Experienced national professional managing workstreams,May supervise assistants/consultants,"UN Common System or common-system-aligned grade code; actual categories used vary by agency and vacancy. National officer mappings are functional, not mobility/salary equivalent.",MEDIUM,official common-system / inferred P-equivalence
Organisation for the Prohibition of Chemical Weapons,NO-D,UN National Professional,T4_SENIOR_PROFESSIONAL,National / Local,Staff,~P-4,7-10+ years,Senior national officer / technical lead,Often supervises staff/partners,"UN Common System or common-system-aligned grade code; actual categories used vary by agency and vacancy. National officer mappings are functional, not mobility/salary equivalent.",MEDIUM,official common-system / inferred P-equivalence
Organisation for the Prohibition of Chemical Weapons,G-1,UN General Service,T1_ENTRY_SUPPORT,Local,Staff,G-1,0+ years,Routine support,None,UN Common System or common-system-aligned grade code; actual categories used vary by agency and vacancy. General Service is support/local; do not map directly to P grades.,MEDIUM,official common-system / same-category mapping
Organisation for the Prohibition of Chemical Weapons,G-2,UN General Service,T1_ENTRY_SUPPORT,Local,Staff,G-2,2+ years,Basic clerical/operational support,None,UN Common System or common-system-aligned grade code; actual categories used vary by agency and vacancy. General Service is support/local; do not map directly to P grades.,MEDIUM,official common-system / same-category mapping
Organisation for the Prohibition of Chemical Weapons,G-3,UN General Service,T1_ENTRY_SUPPORT,Local,Staff,G-3,3+ years,Administrative/operational support,None,UN Common System or common-system-aligned grade code; actual categories used vary by agency and vacancy. General Service is support/local; do not map directly to P grades.,MEDIUM,official common-system / same-category mapping
Organisation for the Prohibition of Chemical Weapons,G-4,UN General Service,T2_JUNIOR_PROFESSIONAL,Local,Staff,G-4,4+ years,Experienced assistant / specialized support,Usually none,UN Common System or common-system-aligned grade code; actual categories used vary by agency and vacancy. General Service is support/local; do not map directly to P grades.,MEDIUM,official common-system / same-category mapping
Organisation for the Prohibition of Chemical Weapons,G-5,UN General Service,T2_JUNIOR_PROFESSIONAL,Local,Staff,G-5,5+ years,Senior assistant / para-professional support,May coordinate support tasks,UN Common System or common-system-aligned grade code; actual categories used vary by agency and vacancy. General Service is support/local; do not map directly to P grades.,MEDIUM,official common-system / same-category mapping
Organisation for the Prohibition of Chemical Weapons,G-6,UN General Service,T3_MID_PROFESSIONAL,Local,Staff,G-6,6+ years,Senior associate / complex support,May supervise support staff,UN Common System or common-system-aligned grade code; actual categories used vary by agency and vacancy. General Service is support/local; do not map directly to P grades.,MEDIUM,official common-system / same-category mapping
Organisation for the Prohibition of Chemical Weapons,G-7,UN General Service,T3_MID_PROFESSIONAL,Local,Staff,G-7,7+ years,Highest local GS specialist/support lead,Often supervises support functions,UN Common System or common-system-aligned grade code; actual categories used vary by agency and vacancy. General Service is support/local; do not map directly to P grades.,MEDIUM,official common-system / same-category mapping
International Tribunal for the Law of the Sea,P-1,UN International Professional,T1_ENTRY_SUPPORT,International,Staff,P-1,0-2 years,Entry professional analysis under close supervision,Normally none,UN Common System or common-system-aligned grade code; actual categories used vary by agency and vacancy.,MEDIUM,official common-system / same-code mapping
International Tribunal for the Law of the Sea,P-2,UN International Professional,T2_JUNIOR_PROFESSIONAL,International,Staff,P-2,2-4 years,Junior professional/officer; defined portfolio,Normally none; may coordinate vendors/consultants,UN Common System or common-system-aligned grade code; actual categories used vary by agency and vacancy.,MEDIUM,official common-system / same-code mapping
International Tribunal for the Law of the Sea,P-3,UN International Professional,T3_MID_PROFESSIONAL,International,Staff,P-3,5-7 years,Independent professional ownership of workstream or project,May supervise junior staff/consultants,UN Common System or common-system-aligned grade code; actual categories used vary by agency and vacancy.,MEDIUM,official common-system / same-code mapping
International Tribunal for the Law of the Sea,P-4,UN International Professional,T4_SENIOR_PROFESSIONAL,International,Staff,P-4,7-10 years,"Senior specialist; complex programme, policy or technical leadership",Often supervises staff/consultants,UN Common System or common-system-aligned grade code; actual categories used vary by agency and vacancy.,MEDIUM,official common-system / same-code mapping
International Tribunal for the Law of the Sea,P-5,UN International Professional,T5_PRINCIPAL_MANAGER,International,Staff,P-5,10-15 years,Chief/principal specialist/section head,Frequently supervises teams and budgets,UN Common System or common-system-aligned grade code; actual categories used vary by agency and vacancy.,MEDIUM,official common-system / same-code mapping
International Tribunal for the Law of the Sea,D-1,UN Director,T6_DIRECTOR,International,Staff,D-1,15+ years,Director of division/large programme,Senior management responsibility,UN Common System or common-system-aligned grade code; actual categories used vary by agency and vacancy.,MEDIUM,official common-system / same-code mapping
International Tribunal for the Law of the Sea,D-2,UN Director,T6_DIRECTOR,International,Staff,D-2,15-20+ years,Senior director / head of major office,Institutional management responsibility,UN Common System or common-system-aligned grade code; actual categories used vary by agency and vacancy.,MEDIUM,official common-system / same-code mapping
International Tribunal for the Law of the Sea,NO-A,UN National Professional,T1_ENTRY_SUPPORT,National / Local,Staff,~P-1/P-2,0-2 years,Entry national professional requiring local/national expertise,Normally none,"UN Common System or common-system-aligned grade code; actual categories used vary by agency and vacancy. National officer mappings are functional, not mobility/salary equivalent.",MEDIUM,official common-system / inferred P-equivalence
International Tribunal for the Law of the Sea,NO-B,UN National Professional,T2_JUNIOR_PROFESSIONAL,National / Local,Staff,~P-2,2-4 years,National officer / junior professional,May coordinate local partners,"UN Common System or common-system-aligned grade code; actual categories used vary by agency and vacancy. National officer mappings are functional, not mobility/salary equivalent.",MEDIUM,official common-system / inferred P-equivalence
International Tribunal for the Law of the Sea,NO-C,UN National Professional,T3_MID_PROFESSIONAL,National / Local,Staff,~P-3,5-7 years,Experienced national professional managing workstreams,May supervise assistants/consultants,"UN Common System or common-system-aligned grade code; actual categories used vary by agency and vacancy. National officer mappings are functional, not mobility/salary equivalent.",MEDIUM,official common-system / inferred P-equivalence
International Tribunal for the Law of the Sea,NO-D,UN National Professional,T4_SENIOR_PROFESSIONAL,National / Local,Staff,~P-4,7-10+ years,Senior national officer / technical lead,Often supervises staff/partners,"UN Common System or common-system-aligned grade code; actual categories used vary by agency and vacancy. National officer mappings are functional, not mobility/salary equivalent.",MEDIUM,official common-system / inferred P-equivalence
International Tribunal for the Law of the Sea,G-1,UN General Service,T1_ENTRY_SUPPORT,Local,Staff,G-1,0+ years,Routine support,None,UN Common System or common-system-aligned grade code; actual categories used vary by agency and vacancy. General Service is support/local; do not map directly to P grades.,MEDIUM,official common-system / same-category mapping
International Tribunal for the Law of the Sea,G-2,UN General Service,T1_ENTRY_SUPPORT,Local,Staff,G-2,2+ years,Basic clerical/operational support,None,UN Common System or common-system-aligned grade code; actual categories used vary by agency and vacancy. General Service is support/local; do not map directly to P grades.,MEDIUM,official common-system / same-category mapping
International Tribunal for the Law of the Sea,G-3,UN General Service,T1_ENTRY_SUPPORT,Local,Staff,G-3,3+ years,Administrative/operational support,None,UN Common System or common-system-aligned grade code; actual categories used vary by agency and vacancy. General Service is support/local; do not map directly to P grades.,MEDIUM,official common-system / same-category mapping
International Tribunal for the Law of the Sea,G-4,UN General Service,T2_JUNIOR_PROFESSIONAL,Local,Staff,G-4,4+ years,Experienced assistant / specialized support,Usually none,UN Common System or common-system-aligned grade code; actual categories used vary by agency and vacancy. General Service is support/local; do not map directly to P grades.,MEDIUM,official common-system / same-category mapping
International Tribunal for the Law of the Sea,G-5,UN General Service,T2_JUNIOR_PROFESSIONAL,Local,Staff,G-5,5+ years,Senior assistant / para-professional support,May coordinate support tasks,UN Common System or common-system-aligned grade code; actual categories used vary by agency and vacancy. General Service is support/local; do not map directly to P grades.,MEDIUM,official common-system / same-category mapping
International Tribunal for the Law of the Sea,G-6,UN General Service,T3_MID_PROFESSIONAL,Local,Staff,G-6,6+ years,Senior associate / complex support,May supervise support staff,UN Common System or common-system-aligned grade code; actual categories used vary by agency and vacancy. General Service is support/local; do not map directly to P grades.,MEDIUM,official common-system / same-category mapping
International Tribunal for the Law of the Sea,G-7,UN General Service,T3_MID_PROFESSIONAL,Local,Staff,G-7,7+ years,Highest local GS specialist/support lead,Often supervises support functions,UN Common System or common-system-aligned grade code; actual categories used vary by agency and vacancy. General Service is support/local; do not map directly to P grades.,MEDIUM,official common-system / same-category mapping
International Seabed Authority,P-1,UN International Professional,T1_ENTRY_SUPPORT,International,Staff,P-1,0-2 years,Entry professional analysis under close supervision,Normally none,UN Common System or common-system-aligned grade code; actual categories used vary by agency and vacancy.,MEDIUM,official common-system / same-code mapping
International Seabed Authority,P-2,UN International Professional,T2_JUNIOR_PROFESSIONAL,International,Staff,P-2,2-4 years,Junior professional/officer; defined portfolio,Normally none; may coordinate vendors/consultants,UN Common System or common-system-aligned grade code; actual categories used vary by agency and vacancy.,MEDIUM,official common-system / same-code mapping
International Seabed Authority,P-3,UN International Professional,T3_MID_PROFESSIONAL,International,Staff,P-3,5-7 years,Independent professional ownership of workstream or project,May supervise junior staff/consultants,UN Common System or common-system-aligned grade code; actual categories used vary by agency and vacancy.,MEDIUM,official common-system / same-code mapping
International Seabed Authority,P-4,UN International Professional,T4_SENIOR_PROFESSIONAL,International,Staff,P-4,7-10 years,"Senior specialist; complex programme, policy or technical leadership",Often supervises staff/consultants,UN Common System or common-system-aligned grade code; actual categories used vary by agency and vacancy.,MEDIUM,official common-system / same-code mapping
International Seabed Authority,P-5,UN International Professional,T5_PRINCIPAL_MANAGER,International,Staff,P-5,10-15 years,Chief/principal specialist/section head,Frequently supervises teams and budgets,UN Common System or common-system-aligned grade code; actual categories used vary by agency and vacancy.,MEDIUM,official common-system / same-code mapping
International Seabed Authority,D-1,UN Director,T6_DIRECTOR,International,Staff,D-1,15+ years,Director of division/large programme,Senior management responsibility,UN Common System or common-system-aligned grade code; actual categories used vary by agency and vacancy.,MEDIUM,official common-system / same-code mapping
International Seabed Authority,D-2,UN Director,T6_DIRECTOR,International,Staff,D-2,15-20+ years,Senior director / head of major office,Institutional management responsibility,UN Common System or common-system-aligned grade code; actual categories used vary by agency and vacancy.,MEDIUM,official common-system / same-code mapping
International Seabed Authority,NO-A,UN National Professional,T1_ENTRY_SUPPORT,National / Local,Staff,~P-1/P-2,0-2 years,Entry national professional requiring local/national expertise,Normally none,"UN Common System or common-system-aligned grade code; actual categories used vary by agency and vacancy. National officer mappings are functional, not mobility/salary equivalent.",MEDIUM,official common-system / inferred P-equivalence
International Seabed Authority,NO-B,UN National Professional,T2_JUNIOR_PROFESSIONAL,National / Local,Staff,~P-2,2-4 years,National officer / junior professional,May coordinate local partners,"UN Common System or common-system-aligned grade code; actual categories used vary by agency and vacancy. National officer mappings are functional, not mobility/salary equivalent.",MEDIUM,official common-system / inferred P-equivalence
International Seabed Authority,NO-C,UN National Professional,T3_MID_PROFESSIONAL,National / Local,Staff,~P-3,5-7 years,Experienced national professional managing workstreams,May supervise assistants/consultants,"UN Common System or common-system-aligned grade code; actual categories used vary by agency and vacancy. National officer mappings are functional, not mobility/salary equivalent.",MEDIUM,official common-system / inferred P-equivalence
International Seabed Authority,NO-D,UN National Professional,T4_SENIOR_PROFESSIONAL,National / Local,Staff,~P-4,7-10+ years,Senior national officer / technical lead,Often supervises staff/partners,"UN Common System or common-system-aligned grade code; actual categories used vary by agency and vacancy. National officer mappings are functional, not mobility/salary equivalent.",MEDIUM,official common-system / inferred P-equivalence
International Seabed Authority,G-1,UN General Service,T1_ENTRY_SUPPORT,Local,Staff,G-1,0+ years,Routine support,None,UN Common System or common-system-aligned grade code; actual categories used vary by agency and vacancy. General Service is support/local; do not map directly to P grades.,MEDIUM,official common-system / same-category mapping
International Seabed Authority,G-2,UN General Service,T1_ENTRY_SUPPORT,Local,Staff,G-2,2+ years,Basic clerical/operational support,None,UN Common System or common-system-aligned grade code; actual categories used vary by agency and vacancy. General Service is support/local; do not map directly to P grades.,MEDIUM,official common-system / same-category mapping
International Seabed Authority,G-3,UN General Service,T1_ENTRY_SUPPORT,Local,Staff,G-3,3+ years,Administrative/operational support,None,UN Common System or common-system-aligned grade code; actual categories used vary by agency and vacancy. General Service is support/local; do not map directly to P grades.,MEDIUM,official common-system / same-category mapping
International Seabed Authority,G-4,UN General Service,T2_JUNIOR_PROFESSIONAL,Local,Staff,G-4,4+ years,Experienced assistant / specialized support,Usually none,UN Common System or common-system-aligned grade code; actual categories used vary by agency and vacancy. General Service is support/local; do not map directly to P grades.,MEDIUM,official common-system / same-category mapping
International Seabed Authority,G-5,UN General Service,T2_JUNIOR_PROFESSIONAL,Local,Staff,G-5,5+ years,Senior assistant / para-professional support,May coordinate support tasks,UN Common System or common-system-aligned grade code; actual categories used vary by agency and vacancy. General Service is support/local; do not map directly to P grades.,MEDIUM,official common-system / same-category mapping
International Seabed Authority,G-6,UN General Service,T3_MID_PROFESSIONAL,Local,Staff,G-6,6+ years,Senior associate / complex support,May supervise support staff,UN Common System or common-system-aligned grade code; actual categories used vary by agency and vacancy. General Service is support/local; do not map directly to P grades.,MEDIUM,official common-system / same-category mapping
International Seabed Authority,G-7,UN General Service,T3_MID_PROFESSIONAL,Local,Staff,G-7,7+ years,Highest local GS specialist/support lead,Often supervises support functions,UN Common System or common-system-aligned grade code; actual categories used vary by agency and vacancy. General Service is support/local; do not map directly to P grades.,MEDIUM,official common-system / same-category mapping
UN Tourism,P-1,UN International Professional,T1_ENTRY_SUPPORT,International,Staff,P-1,0-2 years,Entry professional analysis under close supervision,Normally none,UN Common System or common-system-aligned grade code; actual categories used vary by agency and vacancy.,MEDIUM,official common-system / same-code mapping
UN Tourism,P-2,UN International Professional,T2_JUNIOR_PROFESSIONAL,International,Staff,P-2,2-4 years,Junior professional/officer; defined portfolio,Normally none; may coordinate vendors/consultants,UN Common System or common-system-aligned grade code; actual categories used vary by agency and vacancy.,MEDIUM,official common-system / same-code mapping
UN Tourism,P-3,UN International Professional,T3_MID_PROFESSIONAL,International,Staff,P-3,5-7 years,Independent professional ownership of workstream or project,May supervise junior staff/consultants,UN Common System or common-system-aligned grade code; actual categories used vary by agency and vacancy.,MEDIUM,official common-system / same-code mapping
UN Tourism,P-4,UN International Professional,T4_SENIOR_PROFESSIONAL,International,Staff,P-4,7-10 years,"Senior specialist; complex programme, policy or technical leadership",Often supervises staff/consultants,UN Common System or common-system-aligned grade code; actual categories used vary by agency and vacancy.,MEDIUM,official common-system / same-code mapping
UN Tourism,P-5,UN International Professional,T5_PRINCIPAL_MANAGER,International,Staff,P-5,10-15 years,Chief/principal specialist/section head,Frequently supervises teams and budgets,UN Common System or common-system-aligned grade code; actual categories used vary by agency and vacancy.,MEDIUM,official common-system / same-code mapping
UN Tourism,D-1,UN Director,T6_DIRECTOR,International,Staff,D-1,15+ years,Director of division/large programme,Senior management responsibility,UN Common System or common-system-aligned grade code; actual categories used vary by agency and vacancy.,MEDIUM,official common-system / same-code mapping
UN Tourism,D-2,UN Director,T6_DIRECTOR,International,Staff,D-2,15-20+ years,Senior director / head of major office,Institutional management responsibility,UN Common System or common-system-aligned grade code; actual categories used vary by agency and vacancy.,MEDIUM,official common-system / same-code mapping
UN Tourism,NO-A,UN National Professional,T1_ENTRY_SUPPORT,National / Local,Staff,~P-1/P-2,0-2 years,Entry national professional requiring local/national expertise,Normally none,"UN Common System or common-system-aligned grade code; actual categories used vary by agency and vacancy. National officer mappings are functional, not mobility/salary equivalent.",MEDIUM,official common-system / inferred P-equivalence
UN Tourism,NO-B,UN National Professional,T2_JUNIOR_PROFESSIONAL,National / Local,Staff,~P-2,2-4 years,National officer / junior professional,May coordinate local partners,"UN Common System or common-system-aligned grade code; actual categories used vary by agency and vacancy. National officer mappings are functional, not mobility/salary equivalent.",MEDIUM,official common-system / inferred P-equivalence
UN Tourism,NO-C,UN National Professional,T3_MID_PROFESSIONAL,National / Local,Staff,~P-3,5-7 years,Experienced national professional managing workstreams,May supervise assistants/consultants,"UN Common System or common-system-aligned grade code; actual categories used vary by agency and vacancy. National officer mappings are functional, not mobility/salary equivalent.",MEDIUM,official common-system / inferred P-equivalence
UN Tourism,NO-D,UN National Professional,T4_SENIOR_PROFESSIONAL,National / Local,Staff,~P-4,7-10+ years,Senior national officer / technical lead,Often supervises staff/partners,"UN Common System or common-system-aligned grade code; actual categories used vary by agency and vacancy. National officer mappings are functional, not mobility/salary equivalent.",MEDIUM,official common-system / inferred P-equivalence
UN Tourism,G-1,UN General Service,T1_ENTRY_SUPPORT,Local,Staff,G-1,0+ years,Routine support,None,UN Common System or common-system-aligned grade code; actual categories used vary by agency and vacancy. General Service is support/local; do not map directly to P grades.,MEDIUM,official common-system / same-category mapping
UN Tourism,G-2,UN General Service,T1_ENTRY_SUPPORT,Local,Staff,G-2,2+ years,Basic clerical/operational support,None,UN Common System or common-system-aligned grade code; actual categories used vary by agency and vacancy. General Service is support/local; do not map directly to P grades.,MEDIUM,official common-system / same-category mapping
UN Tourism,G-3,UN General Service,T1_ENTRY_SUPPORT,Local,Staff,G-3,3+ years,Administrative/operational support,None,UN Common System or common-system-aligned grade code; actual categories used vary by agency and vacancy. General Service is support/local; do not map directly to P grades.,MEDIUM,official common-system / same-category mapping
UN Tourism,G-4,UN General Service,T2_JUNIOR_PROFESSIONAL,Local,Staff,G-4,4+ years,Experienced assistant / specialized support,Usually none,UN Common System or common-system-aligned grade code; actual categories used vary by agency and vacancy. General Service is support/local; do not map directly to P grades.,MEDIUM,official common-system / same-category mapping
UN Tourism,G-5,UN General Service,T2_JUNIOR_PROFESSIONAL,Local,Staff,G-5,5+ years,Senior assistant / para-professional support,May coordinate support tasks,UN Common System or common-system-aligned grade code; actual categories used vary by agency and vacancy. General Service is support/local; do not map directly to P grades.,MEDIUM,official common-system / same-category mapping
UN Tourism,G-6,UN General Service,T3_MID_PROFESSIONAL,Local,Staff,G-6,6+ years,Senior associate / complex support,May supervise support staff,UN Common System or common-system-aligned grade code; actual categories used vary by agency and vacancy. General Service is support/local; do not map directly to P grades.,MEDIUM,official common-system / same-category mapping
UN Tourism,G-7,UN General Service,T3_MID_PROFESSIONAL,Local,Staff,G-7,7+ years,Highest local GS specialist/support lead,Often supervises support functions,UN Common System or common-system-aligned grade code; actual categories used vary by agency and vacancy. General Service is support/local; do not map directly to P grades.,MEDIUM,official common-system / same-category mapping
International Training Centre of the ILO,P-1,UN International Professional,T1_ENTRY_SUPPORT,International,Staff,P-1,0-2 years,Entry professional analysis under close supervision,Normally none,UN Common System or common-system-aligned grade code; actual categories used vary by agency and vacancy.,MEDIUM,official common-system / same-code mapping
International Training Centre of the ILO,P-2,UN International Professional,T2_JUNIOR_PROFESSIONAL,International,Staff,P-2,2-4 years,Junior professional/officer; defined portfolio,Normally none; may coordinate vendors/consultants,UN Common System or common-system-aligned grade code; actual categories used vary by agency and vacancy.,MEDIUM,official common-system / same-code mapping
International Training Centre of the ILO,P-3,UN International Professional,T3_MID_PROFESSIONAL,International,Staff,P-3,5-7 years,Independent professional ownership of workstream or project,May supervise junior staff/consultants,UN Common System or common-system-aligned grade code; actual categories used vary by agency and vacancy.,MEDIUM,official common-system / same-code mapping
International Training Centre of the ILO,P-4,UN International Professional,T4_SENIOR_PROFESSIONAL,International,Staff,P-4,7-10 years,"Senior specialist; complex programme, policy or technical leadership",Often supervises staff/consultants,UN Common System or common-system-aligned grade code; actual categories used vary by agency and vacancy.,MEDIUM,official common-system / same-code mapping
International Training Centre of the ILO,P-5,UN International Professional,T5_PRINCIPAL_MANAGER,International,Staff,P-5,10-15 years,Chief/principal specialist/section head,Frequently supervises teams and budgets,UN Common System or common-system-aligned grade code; actual categories used vary by agency and vacancy.,MEDIUM,official common-system / same-code mapping
International Training Centre of the ILO,D-1,UN Director,T6_DIRECTOR,International,Staff,D-1,15+ years,Director of division/large programme,Senior management responsibility,UN Common System or common-system-aligned grade code; actual categories used vary by agency and vacancy.,MEDIUM,official common-system / same-code mapping
International Training Centre of the ILO,D-2,UN Director,T6_DIRECTOR,International,Staff,D-2,15-20+ years,Senior director / head of major office,Institutional management responsibility,UN Common System or common-system-aligned grade code; actual categories used vary by agency and vacancy.,MEDIUM,official common-system / same-code mapping
International Training Centre of the ILO,NO-A,UN National Professional,T1_ENTRY_SUPPORT,National / Local,Staff,~P-1/P-2,0-2 years,Entry national professional requiring local/national expertise,Normally none,"UN Common System or common-system-aligned grade code; actual categories used vary by agency and vacancy. National officer mappings are functional, not mobility/salary equivalent.",MEDIUM,official common-system / inferred P-equivalence
International Training Centre of the ILO,NO-B,UN National Professional,T2_JUNIOR_PROFESSIONAL,National / Local,Staff,~P-2,2-4 years,National officer / junior professional,May coordinate local partners,"UN Common System or common-system-aligned grade code; actual categories used vary by agency and vacancy. National officer mappings are functional, not mobility/salary equivalent.",MEDIUM,official common-system / inferred P-equivalence
International Training Centre of the ILO,NO-C,UN National Professional,T3_MID_PROFESSIONAL,National / Local,Staff,~P-3,5-7 years,Experienced national professional managing workstreams,May supervise assistants/consultants,"UN Common System or common-system-aligned grade code; actual categories used vary by agency and vacancy. National officer mappings are functional, not mobility/salary equivalent.",MEDIUM,official common-system / inferred P-equivalence
International Training Centre of the ILO,NO-D,UN National Professional,T4_SENIOR_PROFESSIONAL,National / Local,Staff,~P-4,7-10+ years,Senior national officer / technical lead,Often supervises staff/partners,"UN Common System or common-system-aligned grade code; actual categories used vary by agency and vacancy. National officer mappings are functional, not mobility/salary equivalent.",MEDIUM,official common-system / inferred P-equivalence
International Training Centre of the ILO,G-1,UN General Service,T1_ENTRY_SUPPORT,Local,Staff,G-1,0+ years,Routine support,None,UN Common System or common-system-aligned grade code; actual categories used vary by agency and vacancy. General Service is support/local; do not map directly to P grades.,MEDIUM,official common-system / same-category mapping
International Training Centre of the ILO,G-2,UN General Service,T1_ENTRY_SUPPORT,Local,Staff,G-2,2+ years,Basic clerical/operational support,None,UN Common System or common-system-aligned grade code; actual categories used vary by agency and vacancy. General Service is support/local; do not map directly to P grades.,MEDIUM,official common-system / same-category mapping
International Training Centre of the ILO,G-3,UN General Service,T1_ENTRY_SUPPORT,Local,Staff,G-3,3+ years,Administrative/operational support,None,UN Common System or common-system-aligned grade code; actual categories used vary by agency and vacancy. General Service is support/local; do not map directly to P grades.,MEDIUM,official common-system / same-category mapping
International Training Centre of the ILO,G-4,UN General Service,T2_JUNIOR_PROFESSIONAL,Local,Staff,G-4,4+ years,Experienced assistant / specialized support,Usually none,UN Common System or common-system-aligned grade code; actual categories used vary by agency and vacancy. General Service is support/local; do not map directly to P grades.,MEDIUM,official common-system / same-category mapping
International Training Centre of the ILO,G-5,UN General Service,T2_JUNIOR_PROFESSIONAL,Local,Staff,G-5,5+ years,Senior assistant / para-professional support,May coordinate support tasks,UN Common System or common-system-aligned grade code; actual categories used vary by agency and vacancy. General Service is support/local; do not map directly to P grades.,MEDIUM,official common-system / same-category mapping
International Training Centre of the ILO,G-6,UN General Service,T3_MID_PROFESSIONAL,Local,Staff,G-6,6+ years,Senior associate / complex support,May supervise support staff,UN Common System or common-system-aligned grade code; actual categories used vary by agency and vacancy. General Service is support/local; do not map directly to P grades.,MEDIUM,official common-system / same-category mapping
International Training Centre of the ILO,G-7,UN General Service,T3_MID_PROFESSIONAL,Local,Staff,G-7,7+ years,Highest local GS specialist/support lead,Often supervises support functions,UN Common System or common-system-aligned grade code; actual categories used vary by agency and vacancy. General Service is support/local; do not map directly to P grades.,MEDIUM,official common-system / same-category mapping
UNDP,IPSA-8,UNDP IPSA International Personnel Services Agreement,T1_ENTRY_SUPPORT,International,Affiliate personnel / contractor,~P-1/P-2,0-2+ years,Time-limited services-based expert assignment,Depends on ToR; may supervise deliverables but not necessarily staff,IPSA holders are not UNDP staff; mapping is functional based on grade signal and ToR scope.,MEDIUM,official policy + UNTalent mapping/inference
UNDP,IPSA-9,UNDP IPSA International Personnel Services Agreement,T2_JUNIOR_PROFESSIONAL,International,Affiliate personnel / contractor,~P-2,2+ years,Time-limited services-based expert assignment,Depends on ToR; may supervise deliverables but not necessarily staff,IPSA holders are not UNDP staff; mapping is functional based on grade signal and ToR scope.,MEDIUM,official policy + UNTalent mapping/inference
UNDP,IPSA-10,UNDP IPSA International Personnel Services Agreement,T3_MID_PROFESSIONAL,International,Affiliate personnel / contractor,~P-3,5+ years,Time-limited services-based expert assignment,Depends on ToR; may supervise deliverables but not necessarily staff,IPSA holders are not UNDP staff; mapping is functional based on grade signal and ToR scope.,HIGH,official policy + UNTalent mapping/inference
UNDP,IPSA-11,UNDP IPSA International Personnel Services Agreement,T4_SENIOR_PROFESSIONAL,International,Affiliate personnel / contractor,~P-4,7+ years,Time-limited services-based expert assignment,Depends on ToR; may supervise deliverables but not necessarily staff,IPSA holders are not UNDP staff; mapping is functional based on grade signal and ToR scope.,MEDIUM,official policy + UNTalent mapping/inference
UNDP,IPSA-12,UNDP IPSA International Personnel Services Agreement,T5_PRINCIPAL_MANAGER,International,Affiliate personnel / contractor,~P-5,10+ years,Time-limited services-based expert assignment,Depends on ToR; may supervise deliverables but not necessarily staff,IPSA holders are not UNDP staff; mapping is functional based on grade signal and ToR scope.,MEDIUM,official policy + UNTalent mapping/inference
UNDP,IPSA-13,UNDP IPSA International Personnel Services Agreement,T6_DIRECTOR,International,Affiliate personnel / contractor,~D-1,15+ years,Time-limited services-based expert assignment,Depends on ToR; may supervise deliverables but not necessarily staff,IPSA holders are not UNDP staff; mapping is functional based on grade signal and ToR scope.,HIGH,official policy + UNTalent mapping/inference
UNDP,IPSA-14,UNDP IPSA International Personnel Services Agreement,T6_DIRECTOR,International,Affiliate personnel / contractor,~D-2,15-20+ years,Time-limited services-based expert assignment,Depends on ToR; may supervise deliverables but not necessarily staff,IPSA holders are not UNDP staff; mapping is functional based on grade signal and ToR scope.,MEDIUM,official policy + UNTalent mapping/inference
UNDP,NPSA-5..7,UNDP NPSA National Personnel Services Agreement,T2_JUNIOR_PROFESSIONAL,National / Local,Affiliate personnel / contractor,~G-5/G-7,varies,National services-based assignment,Depends on ToR,NPSA is not staff; local/national scope must be preserved.,MEDIUM,official policy + inferred
UNDP,NPSA-8,UNDP NPSA National Personnel Services Agreement,T2_JUNIOR_PROFESSIONAL,National / Local,Affiliate personnel / contractor,~NO-A/NO-B,2+ years,National services-based assignment,Depends on ToR,NPSA is not staff; local/national scope must be preserved.,MEDIUM,official policy + inferred
UNDP,NPSA-9,UNDP NPSA National Personnel Services Agreement,T3_MID_PROFESSIONAL,National / Local,Affiliate personnel / contractor,~NO-B/NO-C,3-5+ years,National services-based assignment,Depends on ToR,NPSA is not staff; local/national scope must be preserved.,MEDIUM,official policy + inferred
UNDP,NPSA-10,UNDP NPSA National Personnel Services Agreement,T3_MID_PROFESSIONAL,National / Local,Affiliate personnel / contractor,~NO-C/P-3,5+ years,National services-based assignment,Depends on ToR,NPSA is not staff; local/national scope must be preserved.,MEDIUM,official policy + inferred
UNDP,NPSA-11,UNDP NPSA National Personnel Services Agreement,T4_SENIOR_PROFESSIONAL,National / Local,Affiliate personnel / contractor,~NO-D/P-4,7+ years,National services-based assignment,Depends on ToR,NPSA is not staff; local/national scope must be preserved.,LOW,official policy + inferred
UNOPS,IICA-1,UNOPS IICA International Individual Contractor Agreement,T2_JUNIOR_PROFESSIONAL,International,Contractor,~P-2,2+ years,Individual contractor performing expert services,Depends on ToR; may lead deliverables,Functional seniority only; IICA is not a staff appointment.,HIGH,UNTalent mapping + inference
UNOPS,IICA-2,UNOPS IICA International Individual Contractor Agreement,T3_MID_PROFESSIONAL,International,Contractor,~P-3,5+ years,Individual contractor performing expert services,Depends on ToR; may lead deliverables,Functional seniority only; IICA is not a staff appointment.,HIGH,UNTalent mapping + inference
UNOPS,IICA-3,UNOPS IICA International Individual Contractor Agreement,T4_SENIOR_PROFESSIONAL,International,Contractor,~P-4/P-5,7-10+ years,Individual contractor performing expert services,Depends on ToR; may lead deliverables,Functional seniority only; IICA is not a staff appointment.,MEDIUM,UNTalent mapping + inference
UNOPS,IICA-4,UNOPS IICA International Individual Contractor Agreement,T5_PRINCIPAL_MANAGER,International,Contractor,~P-5/D-1,10-15+ years,Individual contractor performing expert services,Depends on ToR; may lead deliverables,Functional seniority only; IICA is not a staff appointment.,LOW,UNTalent mapping + inference
UNOPS,LICA-1..7,UNOPS LICA Local Individual Contractor Agreement,T1_ENTRY_SUPPORT,Local / National,Contractor,~G-1/G-7,varies,Local individual contractor,Depends on ToR,Local contractor; preserve local recruitment and non-staff status.,MEDIUM,contract family inference
UNOPS,LICA-8,UNOPS LICA Local Individual Contractor Agreement,T2_JUNIOR_PROFESSIONAL,Local / National,Contractor,~NO-A/NO-B,2+ years,Local individual contractor,Depends on ToR,Local contractor; preserve local recruitment and non-staff status.,MEDIUM,contract family inference
UNOPS,LICA-9,UNOPS LICA Local Individual Contractor Agreement,T3_MID_PROFESSIONAL,Local / National,Contractor,~NO-B/NO-C,3-5+ years,Local individual contractor,Depends on ToR,Local contractor; preserve local recruitment and non-staff status.,MEDIUM,contract family inference
UNOPS,LICA-10,UNOPS LICA Local Individual Contractor Agreement,T3_MID_PROFESSIONAL,Local / National,Contractor,~NO-C/P-3,5+ years,Local individual contractor,Depends on ToR,Local contractor; preserve local recruitment and non-staff status.,LOW,contract family inference
World Food Programme,CST I/II/III,WFP Consultant / SSA / Service Contract,T3_MID_PROFESSIONAL,International or Local depending modality,Consultant / contractor,~P-3 to P-5 depending ToR,specialist; varies,Non-staff or local contract delivery role,Depends on ToR,"WFP explicitly distinguishes international consultants, service contracts and SSAs from staff categories.",MEDIUM,official WFP contract-type policy + inference
World Food Programme,SSA1..SSA7,WFP Consultant / SSA / Service Contract,T1_ENTRY_SUPPORT,International or Local depending modality,Consultant / contractor,~G-1/G-7,short-term; varies,Non-staff or local contract delivery role,Depends on ToR,"WFP explicitly distinguishes international consultants, service contracts and SSAs from staff categories.",MEDIUM,official WFP contract-type policy + inference
World Food Programme,SSA8..SSA10,WFP Consultant / SSA / Service Contract,T3_MID_PROFESSIONAL,International or Local depending modality,Consultant / contractor,~NO/P professional short-term,short-term; varies,Non-staff or local contract delivery role,Depends on ToR,"WFP explicitly distinguishes international consultants, service contracts and SSAs from staff categories.",MEDIUM,official WFP contract-type policy + inference
World Food Programme,SC-1..SC-7,WFP Consultant / SSA / Service Contract,T1_ENTRY_SUPPORT,International or Local depending modality,Consultant / contractor,~G-1/G-7,local service contract; varies,Non-staff or local contract delivery role,Depends on ToR,"WFP explicitly distinguishes international consultants, service contracts and SSAs from staff categories.",MEDIUM,official WFP contract-type policy + inference
World Food Programme,SC-8..SC-10,WFP Consultant / SSA / Service Contract,T2_JUNIOR_PROFESSIONAL,International or Local depending modality,Consultant / contractor,~NO-A/NO-C,local service contract; varies,Non-staff or local contract delivery role,Depends on ToR,"WFP explicitly distinguishes international consultants, service contracts and SSAs from staff categories.",MEDIUM,official WFP contract-type policy + inference
UN Young Professionals Programme,YPP,UN Entry Pathway - Young Professionals Programme,T2_JUNIOR_PROFESSIONAL,External international entry pathway,Staff appointment pathway / competitive examination,P-2,0-2 years; YPP may waive work-experience requirement for eligible candidates,Competitive-exam entry route to junior international professional roles; roster/placement pathway,Normally none,Revised rule: normalize YPP as P-2-equivalent rather than T0. Caveat: some official UN pathway materials describe YPP entry placements as P-1/P-2; current pipeline should use P-2 as the operational anchor and preserve the pathway flag. Sources: UNOG pathways leaflet; UN Careers YPP vacancy patterns.,MEDIUM,official UN pathway materials + operational normalization rule
UN JPO Programme,JPO,UN Entry Pathway - Junior Professional Officer,T2_JUNIOR_PROFESSIONAL,External international entry pathway,Staff / sponsored fixed-term entry pathway; external candidate for regular posts,P-2,Usually 2+ years; varies by donor and vacancy,Sponsored junior professional officer assignment under bilateral donor arrangement,Normally none; works under supervision,DESA states JPO positions are generally at P2 level. JPOs are recruited under donor agreements and there is no expectation of conversion to a regular staff position; when applying for regular UN posts they apply as external candidates through the regular competitive process. Source: https://jpo.desa.un.org/about,HIGH,official DESA JPO guidance / direct P2 statement
UN system internships,Internship / Intern,UN Internship / External Pathway,T0_PATHWAY_OUTSIDE_SYSTEM,External pathway,Internship / other; outside formal staff grade system,Outside grade system; no P/G equivalent,Student or recent graduate; no professional grade seniority,Learning/exposure pathway; practical work under supervision,None,Interns are outside the grade system and should not be normalized to P-1/P-2. Keep as external pathway only. UNFPA lists interns among opportunities that are not necessarily staff positions; UNOG pathways material lists internships under “Other”. Sources: UNFPA staff categories; UNOG pathways leaflet.,HIGH,official UN-system staff-category/pathway guidance
United Nations Volunteers,UNV Community,UN Volunteer Assignment Category - Outside Staff Grade System,T0_PATHWAY_OUTSIDE_SYSTEM,External national/local volunteer pathway,Volunteer / other; not staff,Outside grade system; below P-equivalent,0+ experience under 2026 categories,Community volunteer assignment; pathway/exposure or local contribution,None/limited,UN Volunteers are not UN staff members and are outside the staff grade system. Store as external volunteer pathway; do not use as P/G grade. Source: UNV Conditions of Service 2026.,HIGH,official UNV Conditions of Service
United Nations Volunteers,UNV Associate,UN Volunteer Assignment Category - Outside Staff Grade System,T0_PATHWAY_OUTSIDE_SYSTEM,External national or international volunteer pathway,Volunteer / other; not staff,Outside grade system; functional entry/assistant only,1+ month experience under 2026 categories,Associate volunteer assignment; limited-scope support or early professional exposure,Normally none,UNV Associate remains outside the formal grade system. Use only as an external volunteer/pathway signal unless the Description of Assignment provides stronger evidence.,HIGH,official UNV Conditions of Service
United Nations Volunteers,International UNV Specialist,UN Volunteer Assignment Category - Outside Staff Grade System,T2_JUNIOR_PROFESSIONAL,External international volunteer pathway,Volunteer / other; not staff,~P-2 functional only,3+ years under 2026 UNV categories,Specialist volunteer assignment with substantive technical contribution,Usually none; may coordinate tasks or partners,"Revised rule: International UN Volunteer Specialist may be treated as P-2 functional seniority for matching, but remains outside the staff grade system and is not a staff appointment. UNV states volunteers are not UN staff members. Source: UNV Conditions of Service 2026.",MEDIUM,official UNV category + inferred functional equivalence
United Nations Volunteers,International UNV Expert,UN Volunteer Assignment Category - Outside Staff Grade System,T3_MID_PROFESSIONAL,External international volunteer pathway,Volunteer / other; not staff,~P-3 functional only,7+ years under 2026 UNV categories,Expert volunteer assignment; experienced substantive advisory or technical delivery,May coordinate or advise; supervisory authority depends on host entity and assignment,"Revised rule: International UN Volunteer Expert may be treated as P-3 functional seniority for matching, but remains outside the staff grade system and is not a staff appointment. Some assignments may look more senior by years of experience; do not auto-upgrade without ToR evidence. Source: UNV Conditions of Service 2026.",MEDIUM,official UNV category + inferred functional equivalence
United Nations Volunteers,National UNV Specialist,UN Volunteer Assignment Category - Outside Staff Grade System,T2_JUNIOR_PROFESSIONAL,External national/local volunteer pathway,Volunteer / other; not staff,~NO-B / P-2 functional only,3+ years under 2026 UNV categories,National specialist volunteer assignment requiring local/national context,Usually none; may coordinate tasks or partners,Outside staff grade system. Use national/local flag; do not treat as internationally recruited P-grade.,MEDIUM,official UNV category + inferred functional equivalence
United Nations Volunteers,National UNV Expert,UN Volunteer Assignment Category - Outside Staff Grade System,T3_MID_PROFESSIONAL,External national/local volunteer pathway,Volunteer / other; not staff,~NO-C / P-3 functional only,7+ years under 2026 UNV categories,National expert volunteer assignment with experienced substantive delivery/advisory scope,May coordinate or advise; supervisory authority depends on host entity and assignment,Outside staff grade system. Use national/local flag; do not treat as internationally recruited P-grade.,MEDIUM,official UNV category + inferred functional equivalence
World Bank Group,GA,WBG GA,T1_ENTRY_SUPPORT,Local/International depending duty station,Staff,~G-1/G-2,entry support,Office assistant / basic support,None,official grade-title; UN equivalence inferred,MEDIUM,official/inferred
World Bank Group,GB,WBG GB,T1_ENTRY_SUPPORT,Local/International depending duty station,Staff,~G-3,support,Team assistant / information technician,None,official grade-title; UN equivalence inferred,MEDIUM,official/inferred
World Bank Group,GC,WBG GC,T1_ENTRY_SUPPORT,Local/International depending duty station,Staff,~G-4/G-5,support,Program assistant / information assistant,Limited,official grade-title; UN equivalence inferred,MEDIUM,official/inferred
World Bank Group,GD,WBG GD,T2_JUNIOR_PROFESSIONAL,Local/International depending duty station,Staff,~G-6/G-7,senior support,Senior program assistant / info specialist,May coordinate,official grade-title; UN equivalence inferred,MEDIUM,official/inferred
World Bank Group,GE,WBG GE,T2_JUNIOR_PROFESSIONAL,International / global professional,Staff,~P-1/P-2,early professional,Analyst / junior specialist,Usually none,official grade-title; UN equivalence inferred,MEDIUM,official/inferred
World Bank Group,GF,WBG GF,T3_MID_PROFESSIONAL,International / global professional,Staff,~P-2/P-3,professional,Professional / specialist,May supervise consultants,official grade-title; UN equivalence inferred,MEDIUM,official/inferred
World Bank Group,GG,WBG GG,T4_SENIOR_PROFESSIONAL,International / global professional,Staff,~P-4,senior professional,Senior professional / senior specialist,Often technical lead,official grade-title; UN equivalence inferred,MEDIUM,official/inferred
World Bank Group,GH,WBG GH,T5_PRINCIPAL_MANAGER,International / global professional,Staff,~P-5,manager/lead,Manager or lead professional,Often manager/team lead,official grade-title; UN equivalence inferred,MEDIUM,official/inferred
World Bank Group,GI,WBG GI,T6_DIRECTOR,International / global professional,Staff,~D-1,director,Director / senior advisor,Director-level,official grade-title; UN equivalence inferred,MEDIUM,official/inferred
World Bank Group,GJ,WBG GJ,T7_EXECUTIVE,International / executive,Staff,~D-2/ASG,VP,Vice President,Executive,official grade-title; UN equivalence inferred,MEDIUM,official/inferred
World Bank Group,GK,WBG GK,T7_EXECUTIVE,International / executive,Staff,~USG/Executive,MD/EVP/SVP,Managing Director / EVP / SVP,Executive,official grade-title; UN equivalence inferred,MEDIUM,official/inferred
World Bank Group,ETC / STC / ETT,WBG Extended/Short-Term Consultant or Temporary,T2_JUNIOR_PROFESSIONAL,International or local depending posting,Consultant / temporary,title/level dependent; often ~P-1 to P-4,varies,"Term-limited assignment performing analyst, specialist or support functions",Depends on ToR,"World Bank consultant categories are administrative status; level must be inferred from title, grade where shown, and ToR.",LOW,vacancy-pattern inference
International Monetary Fund,A01..A08,IMF A/B Grade Structure,T1_ENTRY_SUPPORT,International / institutional,Staff,~G-1/G-7,support; varies,Support staff ladder,varies,"IMF is outside the UN Common System; mapping is inferred from job-title architecture, not official UN equivalence.",MEDIUM,official annual report table + inference
International Monetary Fund,A09..A10,IMF A/B Grade Structure,T2_JUNIOR_PROFESSIONAL,International / institutional,Staff,~P-1/P-2,early professional,Research/analyst/specialist entry professional,limited,"IMF is outside the UN Common System; mapping is inferred from job-title architecture, not official UN equivalence.",MEDIUM,official annual report table + inference
International Monetary Fund,A11,IMF A/B Grade Structure,T3_MID_PROFESSIONAL,International / institutional,Staff,~P-3,PhD economist entry / experienced specialist,"Economist, counsel, specialist",limited,"IMF is outside the UN Common System; mapping is inferred from job-title architecture, not official UN equivalence.",MEDIUM,official annual report table + inference
International Monetary Fund,A12..A13,IMF A/B Grade Structure,T4_SENIOR_PROFESSIONAL,International / institutional,Staff,~P-3/P-4,experienced professional,Economist/specialist/senior professional,may supervise projects,"IMF is outside the UN Common System; mapping is inferred from job-title architecture, not official UN equivalence.",MEDIUM,official annual report table + inference
International Monetary Fund,A14,IMF A/B Grade Structure,T5_PRINCIPAL_MANAGER,International / institutional,Staff,~P-5,senior economist/deputy division chief,Senior economist / Deputy Division Chief / Resident Representative,often supervisory,"IMF is outside the UN Common System; mapping is inferred from job-title architecture, not official UN equivalence.",MEDIUM,official annual report table + inference
International Monetary Fund,A15/B01,IMF A/B Grade Structure,T6_DIRECTOR,International / institutional,Staff,~D-1,division chief/advisor,Division Chief / Advisor,management,"IMF is outside the UN Common System; mapping is inferred from job-title architecture, not official UN equivalence.",MEDIUM,official annual report table + inference
International Monetary Fund,B02,IMF A/B Grade Structure,T6_DIRECTOR,International / institutional,Staff,~D-1/D-2,senior division chief/advisor,Division Chief / Senior Resident Representative,management,"IMF is outside the UN Common System; mapping is inferred from job-title architecture, not official UN equivalence.",MEDIUM,official annual report table + inference
International Monetary Fund,B03..B05,IMF A/B Grade Structure,T7_EXECUTIVE,International / institutional,Staff,~D-2/Executive,department leadership,Assistant/Deputy/Department Director,executive,"IMF is outside the UN Common System; mapping is inferred from job-title architecture, not official UN equivalence.",MEDIUM,official annual report table + inference
,,,,,,,,,,,,
World Trade Organization,Grades 1..5,WTO Grade Structure,T1_ENTRY_SUPPORT,International / institutional,Staff,~G-1/G-5,varies,Support staff,varies; director grades supervise,WTO uses its own grade range; mapping inferred from published support/professional/director split.,MEDIUM,official WTO grade statement + inference
World Trade Organization,Grades 6..8,WTO Grade Structure,T3_MID_PROFESSIONAL,International / institutional,Staff,~P-2/P-3,varies,Professional officer/specialist,varies; director grades supervise,WTO uses its own grade range; mapping inferred from published support/professional/director split.,MEDIUM,official WTO grade statement + inference
World Trade Organization,Grade 9,WTO Grade Structure,T4_SENIOR_PROFESSIONAL,International / institutional,Staff,~P-4,varies,Senior professional,varies; director grades supervise,WTO uses its own grade range; mapping inferred from published support/professional/director split.,MEDIUM,official WTO grade statement + inference
World Trade Organization,Grade 10,WTO Grade Structure,T5_PRINCIPAL_MANAGER,International / institutional,Staff,~P-5,varies,Principal/chief professional,varies; director grades supervise,WTO uses its own grade range; mapping inferred from published support/professional/director split.,MEDIUM,official WTO grade statement + inference
World Trade Organization,Grades 11..12,WTO Grade Structure,T6_DIRECTOR,International / institutional,Staff,~D-1/D-2,varies,Director positions,varies; director grades supervise,WTO uses its own grade range; mapping inferred from published support/professional/director split.,MEDIUM,official WTO grade statement + inference
OSCE,P-1/P-2,OSCE UN-like Professional / GS / Mission,T2_JUNIOR_PROFESSIONAL,International,Staff / seconded depending post,~P-1/P-2,varies,Entry-level professional,varies,"OSCE states its P/GS grading is similar to UN Common System, but some mission/seconded categories are not staff salary grades.",HIGH,official OSCE documentation + inference
OSCE,P-3/P-4,OSCE UN-like Professional / GS / Mission,T3_MID_PROFESSIONAL,International,Staff / seconded depending post,~P-3/P-4,varies,Middle-ranking professional,varies,"OSCE states its P/GS grading is similar to UN Common System, but some mission/seconded categories are not staff salary grades.",HIGH,official OSCE documentation + inference
OSCE,P-5/D,OSCE UN-like Professional / GS / Mission,T5_PRINCIPAL_MANAGER,International,Staff / seconded depending post,~P-5/D,varies,Management,varies,"OSCE states its P/GS grading is similar to UN Common System, but some mission/seconded categories are not staff salary grades.",HIGH,official OSCE documentation + inference
OSCE,G-1..G-7,OSCE UN-like Professional / GS / Mission,T1_ENTRY_SUPPORT,Local,Staff / seconded depending post,~UN G grades,varies,General Service local posts,varies,"OSCE states its P/GS grading is similar to UN Common System, but some mission/seconded categories are not staff salary grades.",HIGH,official OSCE documentation + inference
OSCE,S1..S5,OSCE UN-like Professional / GS / Mission,T3_MID_PROFESSIONAL,Mission/field,Staff / seconded depending post,~P-2/P-5 by role,varies,Seconded or mission roles,varies,"OSCE states its P/GS grading is similar to UN Common System, but some mission/seconded categories are not staff salary grades.",LOW,official OSCE documentation + inference
North Atlantic Treaty Organization,NATO grades 1..8,NATO Salary Spine,T1_ENTRY_SUPPORT,International / NATO civilian,Staff,~G/support,varies,Support/administrative/technical support,varies,NATO does not use UN Common System grades; public salary spine does not provide official UN equivalence.,LOW,official salary spine + weak inference
North Atlantic Treaty Organization,NATO grades 9..14,NATO Salary Spine,T2_JUNIOR_PROFESSIONAL,International / NATO civilian,Staff,~G senior / junior professional,varies,Senior support or associate professional,varies,NATO does not use UN Common System grades; public salary spine does not provide official UN equivalence.,LOW,official salary spine + weak inference
North Atlantic Treaty Organization,NATO grades 15..17,NATO Salary Spine,T3_MID_PROFESSIONAL,International / NATO civilian,Staff,~P-3/P-4,varies,Professional officer,varies,NATO does not use UN Common System grades; public salary spine does not provide official UN equivalence.,LOW,official salary spine + weak inference
North Atlantic Treaty Organization,NATO grades 18..20,NATO Salary Spine,T4_SENIOR_PROFESSIONAL,International / NATO civilian,Staff,~P-4/P-5,varies,Senior professional / manager,varies,NATO does not use UN Common System grades; public salary spine does not provide official UN equivalence.,LOW,official salary spine + weak inference
North Atlantic Treaty Organization,NATO grades 21..24; U1..U4,NATO Salary Spine,T6_DIRECTOR,International / NATO civilian,Staff,~D/executive,varies,Senior management / unclassified executive spine,varies,NATO does not use UN Common System grades; public salary spine does not provide official UN equivalence.,LOW,official salary spine + weak inference
CERN,Grade 2,CERN Staff Grade,T1_ENTRY_SUPPORT,International / European scientific organization,Staff,~G-3/G-4,experience-dependent,Entry support/technical,varies,CERN grades reflect responsibility/complexity in a scientific/technical framework; UN mapping is only broad functional equivalence.,LOW,official salary grade table + inference
CERN,Grade 3,CERN Staff Grade,T2_JUNIOR_PROFESSIONAL,International / European scientific organization,Staff,~G-5/P-1,experience-dependent,Technician/assistant/early professional,varies,CERN grades reflect responsibility/complexity in a scientific/technical framework; UN mapping is only broad functional equivalence.,LOW,official salary grade table + inference
CERN,Grade 4,CERN Staff Grade,T2_JUNIOR_PROFESSIONAL,International / European scientific organization,Staff,~P-2,experience-dependent,Technical/professional,varies,CERN grades reflect responsibility/complexity in a scientific/technical framework; UN mapping is only broad functional equivalence.,LOW,official salary grade table + inference
CERN,Grade 5,CERN Staff Grade,T3_MID_PROFESSIONAL,International / European scientific organization,Staff,~P-3,experience-dependent,Experienced professional,varies,CERN grades reflect responsibility/complexity in a scientific/technical framework; UN mapping is only broad functional equivalence.,LOW,official salary grade table + inference
CERN,Grade 6,CERN Staff Grade,T4_SENIOR_PROFESSIONAL,International / European scientific organization,Staff,~P-4,experience-dependent,Senior professional,varies,CERN grades reflect responsibility/complexity in a scientific/technical framework; UN mapping is only broad functional equivalence.,LOW,official salary grade table + inference
CERN,Grade 7,CERN Staff Grade,T5_PRINCIPAL_MANAGER,International / European scientific organization,Staff,~P-5,experience-dependent,Principal expert / manager,varies,CERN grades reflect responsibility/complexity in a scientific/technical framework; UN mapping is only broad functional equivalence.,LOW,official salary grade table + inference
CERN,Grade 8,CERN Staff Grade,T6_DIRECTOR,International / European scientific organization,Staff,~P-5/D-1,12+ years,Senior lead / principal manager,Leadership / team supervision,CERN Grade 8 observed in vacancy detail grade range; UN equivalence is functional only.,MEDIUM,observed CERN detail grade range + inference
The Global Fund,A,Global Fund A-G Grade Structure,T1_ENTRY_SUPPORT,International / Geneva-based institution,Staff,~P-1/G senior,varies,Entry role,varies,"Global Fund states roles are classified A to G, A entry and G most senior; UN equivalence inferred from relative ladder only.",LOW,official benefits page + inference
The Global Fund,B,Global Fund A-G Grade Structure,T2_JUNIOR_PROFESSIONAL,International / Geneva-based institution,Staff,~P-2,varies,Associate/professional,varies,"Global Fund states roles are classified A to G, A entry and G most senior; UN equivalence inferred from relative ladder only.",LOW,official benefits page + inference
The Global Fund,C,Global Fund A-G Grade Structure,T3_MID_PROFESSIONAL,International / Geneva-based institution,Staff,~P-3,varies,Professional specialist,varies,"Global Fund states roles are classified A to G, A entry and G most senior; UN equivalence inferred from relative ladder only.",LOW,official benefits page + inference
The Global Fund,D,Global Fund A-G Grade Structure,T4_SENIOR_PROFESSIONAL,International / Geneva-based institution,Staff,~P-4,varies,Senior specialist/manager,varies,"Global Fund states roles are classified A to G, A entry and G most senior; UN equivalence inferred from relative ladder only.",LOW,official benefits page + inference
The Global Fund,E,Global Fund A-G Grade Structure,T5_PRINCIPAL_MANAGER,International / Geneva-based institution,Staff,~P-5,varies,Senior manager/principal,varies,"Global Fund states roles are classified A to G, A entry and G most senior; UN equivalence inferred from relative ladder only.",LOW,official benefits page + inference
The Global Fund,F,Global Fund A-G Grade Structure,T6_DIRECTOR,International / Geneva-based institution,Staff,~D-1,varies,Director-level,varies,"Global Fund states roles are classified A to G, A entry and G most senior; UN equivalence inferred from relative ladder only.",LOW,official benefits page + inference
The Global Fund,G,Global Fund A-G Grade Structure,T7_EXECUTIVE,International / Geneva-based institution,Staff,~D-2/Executive,varies,Most senior leadership,varies,"Global Fund states roles are classified A to G, A entry and G most senior; UN equivalence inferred from relative ladder only.",LOW,official benefits page + inference
African Union,P1..P2,AU Professional / Director / General Service,T2_JUNIOR_PROFESSIONAL,International / continental,Staff / fixed-term / ALD depending vacancy,~P-1/P-2,varies,Junior professional,varies,"AU uses P/D labels but is not the UN Common System; same-code mapping is functional, not official equivalence.",MEDIUM,official vacancy patterns + draft/staff regulation inference
African Union,P3,AU Professional / Director / General Service,T3_MID_PROFESSIONAL,International / continental,Staff / fixed-term / ALD depending vacancy,~P-3,varies,Professional officer,varies,"AU uses P/D labels but is not the UN Common System; same-code mapping is functional, not official equivalence.",MEDIUM,official vacancy patterns + draft/staff regulation inference
African Union,P4,AU Professional / Director / General Service,T4_SENIOR_PROFESSIONAL,International / continental,Staff / fixed-term / ALD depending vacancy,~P-4,varies,Senior officer,varies,"AU uses P/D labels but is not the UN Common System; same-code mapping is functional, not official equivalence.",MEDIUM,official vacancy patterns + draft/staff regulation inference
African Union,P5..P6,AU Professional / Director / General Service,T5_PRINCIPAL_MANAGER,International / continental,Staff / fixed-term / ALD depending vacancy,~P-5,varies,Principal/manager,varies,"AU uses P/D labels but is not the UN Common System; same-code mapping is functional, not official equivalence.",MEDIUM,official vacancy patterns + draft/staff regulation inference
African Union,D1..D2,AU Professional / Director / General Service,T6_DIRECTOR,International / continental,Staff / fixed-term / ALD depending vacancy,~D-1/D-2,varies,Director,varies,"AU uses P/D labels but is not the UN Common System; same-code mapping is functional, not official equivalence.",MEDIUM,official vacancy patterns + draft/staff regulation inference
African Union,GSA/GSB,AU Professional / Director / General Service,T1_ENTRY_SUPPORT,Local / general service,Staff / fixed-term / ALD depending vacancy,~G support,varies,Support grades,varies,"AU uses P/D labels but is not the UN Common System; same-code mapping is functional, not official equivalence.",LOW,official vacancy patterns + draft/staff regulation inference
International Committee of the Red Cross,Assistant / Officer,ICRC title-based / internal grade undisclosed,T1_ENTRY_SUPPORT,Mobile or HQ depending contract,Staff / mobile contract,~G/P-1,varies,Support or junior officer,varies,"ICRC does not publicly expose a UN-like grade ladder in standard job aggregation; use title, mobility and requirements. Salaries are benchmarked against IO/INGO/private-sector markets.",LOW,official benefits + title inference
International Committee of the Red Cross,Delegate / Specialist,ICRC title-based / internal grade undisclosed,T3_MID_PROFESSIONAL,Mobile or HQ depending contract,Staff / mobile contract,~P-2/P-3,varies,Field delegate or specialist,varies,"ICRC does not publicly expose a UN-like grade ladder in standard job aggregation; use title, mobility and requirements. Salaries are benchmarked against IO/INGO/private-sector markets.",LOW,official benefits + title inference
International Committee of the Red Cross,Coordinator / Manager,ICRC title-based / internal grade undisclosed,T4_SENIOR_PROFESSIONAL,Mobile or HQ depending contract,Staff / mobile contract,~P-4/P-5,varies,Coordination or management,varies,"ICRC does not publicly expose a UN-like grade ladder in standard job aggregation; use title, mobility and requirements. Salaries are benchmarked against IO/INGO/private-sector markets.",LOW,official benefits + title inference
International Committee of the Red Cross,Head / Director,ICRC title-based / internal grade undisclosed,T6_DIRECTOR,Mobile or HQ depending contract,Staff / mobile contract,~D,varies,Senior management,varies,"ICRC does not publicly expose a UN-like grade ladder in standard job aggregation; use title, mobility and requirements. Salaries are benchmarked against IO/INGO/private-sector markets.",LOW,official benefits + title inference
World Economic Forum,Assistant / Coordinator,Title-inferred ladder,T1_ENTRY_SUPPORT,Varies,Staff / consultancy depending vacancy,~G/P-1,vacancy-dependent,Support or coordination,varies,"No reliable public cross-organization grade ladder found; normalize using title, years, scope, reporting line and salary if available.",LOW,title-pattern inference
World Economic Forum,Associate / Officer,Title-inferred ladder,T2_JUNIOR_PROFESSIONAL,Varies,Staff / consultancy depending vacancy,~P-2,vacancy-dependent,Junior professional,varies,"No reliable public cross-organization grade ladder found; normalize using title, years, scope, reporting line and salary if available.",LOW,title-pattern inference
World Economic Forum,Manager / Lead,Title-inferred ladder,T4_SENIOR_PROFESSIONAL,Varies,Staff / consultancy depending vacancy,~P-4/P-5,vacancy-dependent,Team or project manager,varies,"No reliable public cross-organization grade ladder found; normalize using title, years, scope, reporting line and salary if available.",LOW,title-pattern inference
World Economic Forum,Head / Director,Title-inferred ladder,T6_DIRECTOR,Varies,Staff / consultancy depending vacancy,~D,vacancy-dependent,Senior management,varies,"No reliable public cross-organization grade ladder found; normalize using title, years, scope, reporting line and salary if available.",LOW,title-pattern inference
Tony Blair Institute,Assistant / Coordinator,Title-inferred ladder,T1_ENTRY_SUPPORT,Varies,Staff / consultancy depending vacancy,~G/P-1,vacancy-dependent,Support or coordination,varies,"No reliable public cross-organization grade ladder found; normalize using title, years, scope, reporting line and salary if available.",LOW,title-pattern inference
Tony Blair Institute,Associate / Officer,Title-inferred ladder,T2_JUNIOR_PROFESSIONAL,Varies,Staff / consultancy depending vacancy,~P-2,vacancy-dependent,Junior professional,varies,"No reliable public cross-organization grade ladder found; normalize using title, years, scope, reporting line and salary if available.",LOW,title-pattern inference
Tony Blair Institute,Manager / Lead,Title-inferred ladder,T4_SENIOR_PROFESSIONAL,Varies,Staff / consultancy depending vacancy,~P-4/P-5,vacancy-dependent,Team or project manager,varies,"No reliable public cross-organization grade ladder found; normalize using title, years, scope, reporting line and salary if available.",LOW,title-pattern inference
Tony Blair Institute,Head / Director,Title-inferred ladder,T6_DIRECTOR,Varies,Staff / consultancy depending vacancy,~D,vacancy-dependent,Senior management,varies,"No reliable public cross-organization grade ladder found; normalize using title, years, scope, reporting line and salary if available.",LOW,title-pattern inference
iDE Global,Assistant / Coordinator,Title-inferred ladder,T1_ENTRY_SUPPORT,Varies,Staff / consultancy depending vacancy,~G/P-1,vacancy-dependent,Support or coordination,varies,"No reliable public cross-organization grade ladder found; normalize using title, years, scope, reporting line and salary if available.",LOW,title-pattern inference
iDE Global,Associate / Officer,Title-inferred ladder,T2_JUNIOR_PROFESSIONAL,Varies,Staff / consultancy depending vacancy,~P-2,vacancy-dependent,Junior professional,varies,"No reliable public cross-organization grade ladder found; normalize using title, years, scope, reporting line and salary if available.",LOW,title-pattern inference
iDE Global,Manager / Lead,Title-inferred ladder,T4_SENIOR_PROFESSIONAL,Varies,Staff / consultancy depending vacancy,~P-4/P-5,vacancy-dependent,Team or project manager,varies,"No reliable public cross-organization grade ladder found; normalize using title, years, scope, reporting line and salary if available.",LOW,title-pattern inference
iDE Global,Head / Director,Title-inferred ladder,T6_DIRECTOR,Varies,Staff / consultancy depending vacancy,~D,vacancy-dependent,Senior management,varies,"No reliable public cross-organization grade ladder found; normalize using title, years, scope, reporting line and salary if available.",LOW,title-pattern inference
"icddr,b",Assistant / Coordinator,Title-inferred ladder,T1_ENTRY_SUPPORT,Varies,Staff / consultancy depending vacancy,~G/P-1,vacancy-dependent,Support or coordination,varies,"No reliable public cross-organization grade ladder found; normalize using title, years, scope, reporting line and salary if available.",LOW,title-pattern inference
"icddr,b",Associate / Officer,Title-inferred ladder,T2_JUNIOR_PROFESSIONAL,Varies,Staff / consultancy depending vacancy,~P-2,vacancy-dependent,Junior professional,varies,"No reliable public cross-organization grade ladder found; normalize using title, years, scope, reporting line and salary if available.",LOW,title-pattern inference
"icddr,b",Manager / Lead,Title-inferred ladder,T4_SENIOR_PROFESSIONAL,Varies,Staff / consultancy depending vacancy,~P-4/P-5,vacancy-dependent,Team or project manager,varies,"No reliable public cross-organization grade ladder found; normalize using title, years, scope, reporting line and salary if available.",LOW,title-pattern inference
"icddr,b",Head / Director,Title-inferred ladder,T6_DIRECTOR,Varies,Staff / consultancy depending vacancy,~D,vacancy-dependent,Senior management,varies,"No reliable public cross-organization grade ladder found; normalize using title, years, scope, reporting line and salary if available.",LOW,title-pattern inference
Inter-Parliamentary Union,Assistant / Coordinator,Title-inferred ladder,T1_ENTRY_SUPPORT,Varies,Staff / consultancy depending vacancy,~G/P-1,vacancy-dependent,Support or coordination,varies,"No reliable public cross-organization grade ladder found; normalize using title, years, scope, reporting line and salary if available.",LOW,title-pattern inference
Inter-Parliamentary Union,Associate / Officer,Title-inferred ladder,T2_JUNIOR_PROFESSIONAL,Varies,Staff / consultancy depending vacancy,~P-2,vacancy-dependent,Junior professional,varies,"No reliable public cross-organization grade ladder found; normalize using title, years, scope, reporting line and salary if available.",LOW,title-pattern inference
Inter-Parliamentary Union,Manager / Lead,Title-inferred ladder,T4_SENIOR_PROFESSIONAL,Varies,Staff / consultancy depending vacancy,~P-4/P-5,vacancy-dependent,Team or project manager,varies,"No reliable public cross-organization grade ladder found; normalize using title, years, scope, reporting line and salary if available.",LOW,title-pattern inference
Inter-Parliamentary Union,Head / Director,Title-inferred ladder,T6_DIRECTOR,Varies,Staff / consultancy depending vacancy,~D,vacancy-dependent,Senior management,varies,"No reliable public cross-organization grade ladder found; normalize using title, years, scope, reporting line and salary if available.",LOW,title-pattern inference
